Client;PDKey;ProductID;TypeCode;Category;CreatedAt;ChangedAt;SupplierID;TaxTarifCode;MeasureUnit;WeightMeasure;WeightUnit;CurrencyCode;Price;ProductPicURL;Width;Depth;Height;DimUnit
000;678;HT-1000;PR;Notebooks;20120731144156.0000000;20120731144156.0000000;164;1;EA;4.200;KG;EUR;956.00;/SAP/PUBLIC/BC/NWDEMO_MODEL/IMAGES/HT-1000.jpg;0.000;0.180;0.030;M
000;679;HT-1001;PR;Notebooks;20120731144156.0000000;20120731144156.0000000;165;1;EA;4.500;KG;EUR;1249.00;/SAP/PUBLIC/BC/NWDEMO_MODEL/IMAGES/HT-1001.jpg;0.290;0.170;0.030;M
000;680;HT-1002;PR;Notebooks;20120731144156.0000000;20120731144156.0000000;166;1;EA;4.200;KG;USD;1570.00;/SAP/PUBLIC/BC/NWDEMO_MODEL/IMAGES/HT-1002.jpg;0.280;0.190;0.030;M
000;681;HT-1003;PR;Notebooks;20120731144156.0000000;20120731144156.0000000;167;1;EA;4.200;KG;EUR;1650.00;/SAP/PUBLIC/BC/NWDEMO_MODEL/IMAGES/HT-1003.jpg;0.320;0.210;0.040;M
000;682;HT-1007;PR;Handhelds;20120731144156.0000000;20120731144156.0000000;168;1;EA;0.200;KG;USD;499.00;/SAP/PUBLIC/BC/NWDEMO_MODEL/IMAGES/HT-1007.jpg;0.320;0.220;0.030;M
000;683;HT-1010;PR;Notebooks;20120731144156.0000000;20120731144156.0000000;169;1;EA;4.000;KG;EUR;1999.00;/SAP/PUBLIC/BC/NWDEMO_MODEL/IMAGES/HT-1010.jpg;0.330;0.200;0.030;M
000;684;HT-1011;PR;Notebooks;20120731144156.0000000;20120731144156.0000000;170;1;EA;4.100;KG;JPY;2299.00;/SAP/PUBLIC/BC/NWDEMO_MODEL/IMAGES/HT-1011.jpg;0.330;0.230;0.020;M
000;685;HT-1020;PR;Handhelds;20120731144156.0000000;20120731144156.0000000;171;1;EA;0.160;KG;EUR;129.00;/SAP/PUBLIC/BC/NWDEMO_MODEL/IMAGES/HT-1020.jpg;0.100;0.020;0.170;M
000;686;HT-1021;PR;Handhelds;20120731144156.0000000;20120731144156.0000000;172;1;EA;0.180;KG;MXN;149.00;/SAP/PUBLIC/BC/NWDEMO_MODEL/IMAGES/HT-1021.jpg;0.110;0.020;0.180;M
000;687;HT-1022;PR;Handhelds;20120731144156.0000000;20120731144156.0000000;173;1;EA;0.200;KG;ARS;205.00;/SAP/PUBLIC/BC/NWDEMO_MODEL/IMAGES/HT-1022.jpg;0.840;0.020;0.140;M
000;688;HT-1023;PR;Handhelds;20120731144156.0000000;20120731144156.0000000;174;1;EA;0.800;KG;USD;239.00;/SAP/PUBLIC/BC/NWDEMO_MODEL/IMAGES/HT-1023.jpg;0.800;0.020;0.130;M
000;689;HT-1030;PR;Flat screens;20120731144156.0000000;20120731144156.0000000;175;1;EA;18.000;KG;EUR;230.00;/SAP/PUBLIC/BC/NWDEMO_MODEL/IMAGES/HT-1030.jpg;0.370;0.120;0.360;M
000;690;HT-1031;PR;Flat screens;20120731144156.0000000;20120731144156.0000000;176;1;EA;22.000;KG;GBP;285.00;/SAP/PUBLIC/BC/NWDEMO_MODEL/IMAGES/HT-1031.jpg;0.410;0.190;0.430;M
000;691;HT-1032;PR;Flat screens;20120731144156.0000000;20120731144156.0000000;177;1;EA;21.000;KG;EUR;345.00;/SAP/PUBLIC/BC/NWDEMO_MODEL/IMAGES/HT-1032.jpg;0.410;0.190;0.430;M
000;692;HT-1035;PR;Flat screens;20120731144156.0000000;20120731144156.0000000;178;1;EA;14.000;KG;USD;399.00;/SAP/PUBLIC/BC/NWDEMO_MODEL/IMAGES/HT-1035.jpg;0.390;0.200;0.410;M
000;693;HT-1036;PR;Flat screens;20120731144156.0000000;20120731144156.0000000;179;1;EA;15.000;KG;CAD;430.00;/SAP/PUBLIC/BC/NWDEMO_MODEL/IMAGES/HT-1036.jpg;0.450;0.260;0.460;M
000;694;HT-1037;PR;Flat screens;20120731144156.0000000;20120731144156.0000000;180;1;EA;17.000;KG;MXN;1430.00;/SAP/PUBLIC/BC/NWDEMO_MODEL/IMAGES/HT-1037.jpg;0.550;0.220;0.390;M
000;695;HT-1040;PR;Laser printers;20120731144156.0000000;20120731144156.0000000;181;1;EA;32.000;KG;EUR;830.00;/SAP/PUBLIC/BC/NWDEMO_MODEL/IMAGES/HT-1040.jpg;0.510;0.460;0.000;M
000;696;HT-1041;PR;Laser printers;20120731144156.0000000;20120731144156.0000000;182;1;EA;23.000;KG;ARS;490.00;/SAP/PUBLIC/BC/NWDEMO_MODEL/IMAGES/HT-1041.jpg;0.480;0.420;0.260;M
000;697;HT-1042;PR;Laser printers;20120731144156.0000000;20120731144156.0000000;183;1;EA;15.000;KG;EUR;349.00;/SAP/PUBLIC/BC/NWDEMO_MODEL/IMAGES/HT-1042.jpg;0.530;0.500;0.650;M
000;698;HT-1050;PR;Ink jet printers;20120731144156.0000000;20120731144156.0000000;184;1;EA;3.000;KG;RUB;139.00;/SAP/PUBLIC/BC/NWDEMO_MODEL/IMAGES/HT-1050.jpg;0.450;0.340;0.180;M
000;699;HT-1051;PR;Ink jet printers;20120731144156.0000000;20120731144156.0000000;185;1;EA;1.900;KG;USD;99.00;/SAP/PUBLIC/BC/NWDEMO_MODEL/IMAGES/HT-1051.jpg;0.460;0.320;0.250;M
000;700;HT-1052;PR;Ink jet printers;20120731144156.0000000;20120731144156.0000000;186;1;EA;18.000;KG;EUR;170.00;/SAP/PUBLIC/BC/NWDEMO_MODEL/IMAGES/HT-1052.jpg;0.410;0.420;0.280;M
000;701;HT-1055;PR;Multi function printers;20120731144156.0000000;20120731144156.0000000;187;1;EA;6.000;KG;EUR;99.00;/SAP/PUBLIC/BC/NWDEMO_MODEL/IMAGES/HT-1055.jpg;0.550;0.450;0.290;M
000;702;HT-1056;PR;Multi function printers;20120731144156.0000000;20120731144156.0000000;188;1;EA;4.000;KG;JPY;119.00;/SAP/PUBLIC/BC/NWDEMO_MODEL/IMAGES/HT-1056.jpg;0.510;0.410;0.220;M
000;703;HT-1060;PR;Mice;20120731144156.0000000;20120731144156.0000000;189;1;EA;0.090;KG;EUR;9.00;/SAP/PUBLIC/BC/NWDEMO_MODEL/IMAGES/HT-1060.jpg;0.060;0.150;0.040;M
000;704;HT-1061;PR;Mice;20120731144156.0000000;20120731144156.0000000;190;1;EA;0.090;KG;EUR;7.00;/SAP/PUBLIC/BC/NWDEMO_MODEL/IMAGES/HT-1061.jpg;0.070;0.150;0.030;M
000;705;HT-1062;PR;Mice;20120731144156.0000000;20120731144156.0000000;191;1;EA;0.030;KG;ARS;11.00;/SAP/PUBLIC/BC/NWDEMO_MODEL/IMAGES/HT-1062.jpg;0.070;0.140;0.040;M
000;706;HT-1063;PR;Keyboards;20120731144156.0000000;20120731144156.0000000;192;1;EA;2.100;KG;BRL;14.00;/SAP/PUBLIC/BC/NWDEMO_MODEL/IMAGES/HT-1063.jpg;0.500;0.210;0.040;M
000;707;HT-1064;PR;Keyboards;20120731144156.0000000;20120731144156.0000000;193;1;EA;1.800;KG;CAD;16.00;/SAP/PUBLIC/BC/NWDEMO_MODEL/IMAGES/HT-1064.jpg;0.520;0.250;0.030;M
000;708;HT-1065;PR;Keyboards;20120731144156.0000000;20120731144156.0000000;194;1;EA;2.000;KG;CHF;26.00;/SAP/PUBLIC/BC/NWDEMO_MODEL/IMAGES/HT-1065.jpg;0.510;0.230;0.040;M
000;709;HT-1066;PR;High Tech;20120731144156.0000000;20120731144156.0000000;195;1;EA;80.000;G;USD;2.50;/SAP/PUBLIC/BC/NWDEMO_MODEL/IMAGES/HT-1066.jpg;0.000;0.000;0.010;M
000;710;HT-1067;PR;High Tech;20120731144156.0000000;20120731144156.0000000;196;1;EA;150.000;G;EUR;3.50;/SAP/PUBLIC/BC/NWDEMO_MODEL/IMAGES/HT-1067.jpg;0.280;0.220;0.000;M
000;711;HT-1068;PR;High Tech;20120731144156.0000000;20120731144156.0000000;197;1;EA;150.000;G;USD;3.50;/SAP/PUBLIC/BC/NWDEMO_MODEL/IMAGES/HT-1068.jpg;0.240;0.240;0.010;M
000;712;HT-1069;PR;Flat screens;20120731144156.0000000;20120731144156.0000000;198;1;EA;170.000;G;JPY;800.00;/SAP/PUBLIC/BC/NWDEMO_MODEL/IMAGES/HT-1069.jpg;0.320;0.000;0.230;M
000;713;HT-1070;PR;Graphic cards;20120731144156.0000000;20120731144156.0000000;199;1;EA;0.010;KG;ARS;70.90;/SAP/PUBLIC/BC/NWDEMO_MODEL/IMAGES/HT-1070.jpg;0.150;0.180;0.050;M
000;714;HT-1071;PR;Graphic cards;20120731144156.0000000;20120731144156.0000000;200;1;EA;0.012;KG;ZAR;81.70;/SAP/PUBLIC/BC/NWDEMO_MODEL/IMAGES/HT-1071.jpg;0.140;0.180;0.040;M
000;715;HT-1072;PR;Graphic cards;20120731144156.0000000;20120731144156.0000000;201;1;EA;0.013;KG;USD;101.20;/SAP/PUBLIC/BC/NWDEMO_MODEL/IMAGES/HT-1072.jpg;0.150;0.170;0.030;M
000;716;HT-1073;PR;Graphic cards;20120731144156.0000000;20120731144156.0000000;202;1;EA;0.010;KG;EUR;24.00;/SAP/PUBLIC/BC/NWDEMO_MODEL/IMAGES/HT-1073.jpg;0.150;0.170;0.040;M
000;717;HT-1080;PR;Scanner;20120731144156.0000000;20120731144156.0000000;203;1;EA;2.000;KG;INR;51.00;/SAP/PUBLIC/BC/NWDEMO_MODEL/IMAGES/HT-1080.jpg;0.340;0.480;0.050;M
000;718;HT-1081;PR;Scanner;20120731144156.0000000;20120731144156.0000000;204;1;EA;2.400;KG;PLN;89.00;/SAP/PUBLIC/BC/NWDEMO_MODEL/IMAGES/HT-1081.jpg;0.310;0.430;0.070;M
000;719;HT-1082;PR;Scanner;20120731144156.0000000;20120731144156.0000000;205;1;EA;3.200;KG;ARS;169.00;/SAP/PUBLIC/BC/NWDEMO_MODEL/IMAGES/HT-1082.jpg;0.330;0.410;0.120;M
000;720;HT-1083;PR;Scanner;20120731144156.0000000;20120731144156.0000000;206;1;EA;3.200;KG;CNY;520.00;/SAP/PUBLIC/BC/NWDEMO_MODEL/IMAGES/HT-1083.jpg;0.350;0.400;0.100;M
000;721;HT-1085;PR;Scanner and Printer;20120731144156.0000000;20120731144156.0000000;207;1;EA;23.200;KG;DKK;1499.00;/SAP/PUBLIC/BC/NWDEMO_MODEL/IMAGES/HT-1085.jpg;0.450;0.420;0.220;M
000;722;HT-1090;PR;Speakers;20120731144156.0000000;20120731144156.0000000;208;1;EA;3.000;KG;EUR;39.00;/SAP/PUBLIC/BC/NWDEMO_MODEL/IMAGES/HT-1090.jpg;0.120;0.100;0.160;M
000;723;HT-1091;PR;Speakers;20120731144156.0000000;20120731144156.0000000;164;1;EA;1.400;KG;EUR;26.00;/SAP/PUBLIC/BC/NWDEMO_MODEL/IMAGES/HT-1091.jpg;0.130;0.110;0.180;M
000;724;HT-1092;PR;Speakers;20120731144156.0000000;20120731144156.0000000;165;1;EA;2.100;KG;EUR;45.00;/SAP/PUBLIC/BC/NWDEMO_MODEL/IMAGES/HT-1092.jpg;0.120;0.100;0.180;M
000;725;HT-1100;PR;Software;20120731144156.0000000;20120731144156.0000000;166;1;EA;1.200;KG;USD;89.90;/SAP/PUBLIC/BC/NWDEMO_MODEL/IMAGES/HT-1100.jpg;0.150;0.070;0.210;M
000;726;HT-1101;PR;Software;20120731144156.0000000;20120731144156.0000000;167;1;EA;0.800;KG;EUR;79.90;/SAP/PUBLIC/BC/NWDEMO_MODEL/IMAGES/HT-1101.jpg;0.140;0.070;0.240;M
000;727;HT-1102;PR;Software;20120731144156.0000000;20120731144156.0000000;168;1;EA;0.800;KG;USD;69.00;/SAP/PUBLIC/BC/NWDEMO_MODEL/IMAGES/HT-1102.jpg;0.160;0.060;0.270;M
000;728;HT-1103;PR;Software;20120731144156.0000000;20120731144156.0000000;169;1;EA;0.800;KG;EUR;77.00;/SAP/PUBLIC/BC/NWDEMO_MODEL/IMAGES/HT-1103.jpg;0.110;0.030;0.220;M
000;729;HT-1104;PR;Software;20120731144156.0000000;20120731144156.0000000;170;1;EA;1.100;KG;JPY;55.00;/SAP/PUBLIC/BC/NWDEMO_MODEL/IMAGES/HT-1104.jpg;0.100;0.030;0.000;M
000;730;HT-1105;PR;Software;20120731144156.0000000;20120731144156.0000000;171;1;EA;0.700;KG;EUR;29.00;/SAP/PUBLIC/BC/NWDEMO_MODEL/IMAGES/HT-1105.jpg;0.160;0.040;0.210;M
000;731;HT-1106;PR;Software;20120731144156.0000000;20120731144156.0000000;172;1;EA;0.900;KG;MXN;34.00;/SAP/PUBLIC/BC/NWDEMO_MODEL/IMAGES/HT-1106.jpg;0.180;0.040;0.230;M
000;732;HT-1107;PR;Software;20120731144156.0000000;20120731144156.0000000;173;1;EA;0.500;KG;ARS;29.90;/SAP/PUBLIC/BC/NWDEMO_MODEL/IMAGES/HT-1107.jpg;0.120;0.020;0.190;M
000;733;HT-1110;PR;Others;20120731144156.0000000;20120731144156.0000000;174;1;EA;0.030;KG;USD;8.90;/SAP/PUBLIC/BC/NWDEMO_MODEL/IMAGES/HT-1110.jpg;0.200;0.080;0.040;M
000;734;HT-1111;PR;Others;20120731144156.0000000;20120731144156.0000000;175;1;EA;0.020;KG;EUR;6.90;/SAP/PUBLIC/BC/NWDEMO_MODEL/IMAGES/HT-1111.jpg;0.310;0.090;0.070;M
000;735;HT-1112;PR;Others;20120731144156.0000000;20120731144156.0000000;176;1;EA;0.500;KG;GBP;39.00;/SAP/PUBLIC/BC/NWDEMO_MODEL/IMAGES/HT-1112.jpg;0.090;0.080;0.010;M
000;736;HT-1113;PR;Others;20120731144156.0000000;20120731144156.0000000;177;1;EA;0.200;KG;EUR;2.30;/SAP/PUBLIC/BC/NWDEMO_MODEL/IMAGES/HT-1113.jpg;0.180;0.220;0.010;M
000;737;HT-1114;PR;Others;20120731144156.0000000;20120731144156.0000000;178;1;EA;1.800;KG;USD;69.00;/SAP/PUBLIC/BC/NWDEMO_MODEL/IMAGES/HT-1114.jpg;0.510;0.190;0.350;M
000;738;HT-1115;PR;Hardware;20120731144156.0000000;20120731144156.0000000;179;1;EA;1.000;KG;CAD;42.00;/SAP/PUBLIC/BC/NWDEMO_MODEL/IMAGES/HT-1115.jpg;0.190;0.180;0.120;M
000;739;HT-1116;PR;Others;20120731144156.0000000;20120731144156.0000000;180;1;EA;0.000;KG;MXN;36.00;/SAP/PUBLIC/BC/NWDEMO_MODEL/IMAGES/HT-1116.jpg;0.190;0.210;0.140;M
000;740;HT-1117;PR;Others;20120731144156.0000000;20120731144156.0000000;181;1;EA;0.400;KG;EUR;38.00;/SAP/PUBLIC/BC/NWDEMO_MODEL/IMAGES/HT-1117.jpg;0.120;0.240;0.110;M
000;741;HT-1118;PR;Others;20120731144156.0000000;20120731144156.0000000;182;1;EA;0.015;KG;ARS;79.00;/SAP/PUBLIC/BC/NWDEMO_MODEL/IMAGES/HT-1118.jpg;0.020;0.090;0.010;M
000;742;HT-1120;PR;Input device;20120731144156.0000000;20120731144156.0000000;183;1;EA;1.000;KG;EUR;260.00;/SAP/PUBLIC/BC/NWDEMO_MODEL/IMAGES/HT-1120.jpg;0.450;0.190;0.030;M
000;743;HT-1137;PR;Flat screens;20120731144156.0000000;20120731144156.0000000;184;1;EA;18.000;KG;RUB;1230.00;/SAP/PUBLIC/BC/NWDEMO_MODEL/IMAGES/HT-1137.jpg;0.540;0.220;0.380;M
000;744;HT-1138;PR;Flat screens;20120731144156.0000000;20120731144156.0000000;185;1;EA;4.200;KG;USD;1211.00;/SAP/PUBLIC/BC/NWDEMO_MODEL/IMAGES/HT-1138.jpg;0.530;0.200;0.440;M
000;745;HT-1210;PR;PC;20120731144156.0000000;20120731144156.0000000;186;1;EA;2.000;KG;EUR;2399.00;/SAP/PUBLIC/BC/NWDEMO_MODEL/IMAGES/HT-1210.jpg;0.280;0.310;0.430;M
000;746;HT-1500;PR;Workstation ensemble;20120731144156.0000000;20120731144156.0000000;187;1;EA;18.000;KG;EUR;5000.00;/SAP/PUBLIC/BC/NWDEMO_MODEL/IMAGES/HT-1500.jpg;0.340;0.350;0.230;M
000;747;HT-1501;PR;Workstation ensemble;20120731144156.0000000;20120731144156.0000000;188;1;EA;25.000;KG;JPY;15000.00;/SAP/PUBLIC/BC/NWDEMO_MODEL/IMAGES/HT-1501.jpg;0.290;0.000;0.270;M
000;748;HT-1502;PR;Workstation ensemble;20120731144156.0000000;20120731144156.0000000;189;1;EA;35.000;KG;EUR;25000.00;/SAP/PUBLIC/BC/NWDEMO_MODEL/IMAGES/HT-1502.jpg;0.220;0.270;0.370;M
000;749;HT-6130;PR;Flat-screen television;20120731144156.0000000;20120731144156.0000000;190;1;EA;2.600;KG;EUR;1459.00;/SAP/PUBLIC/BC/NWDEMO_MODEL/IMAGES/HT-6130.jpg;0.780;0.220;0.550;M
000;750;HT-6131;PR;Flat-screen television;20120731144156.0000000;20120731144156.0000000;191;1;EA;2.200;KG;ARS;1199.00;/SAP/PUBLIC/BC/NWDEMO_MODEL/IMAGES/HT-6131.jpg;0.990;0.260;0.610;M
000;751;HT-6132;PR;Flat-screen television;20120731144156.0000000;20120731144156.0000000;192;1;EA;1.800;KG;BRL;899.00;/SAP/PUBLIC/BC/NWDEMO_MODEL/IMAGES/HT-6132.jpg;1.280;0.230;0.790;M
000;752;HT-7030;PR;Handheld;20120731144156.0000000;20120731144156.0000000;193;1;EA;0.500;KG;CAD;2490.00;/SAP/PUBLIC/BC/NWDEMO_MODEL/IMAGES/HT-7030.jpg;0.090;0.150;0.100;M
000;753;HT-7020;PR;Handheld;20120731144156.0000000;20120731144156.0000000;194;1;EA;0.500;KG;CHF;1490.00;/SAP/PUBLIC/BC/NWDEMO_MODEL/IMAGES/HT-7030.jpg;0.070;0.160;0.110;M
000;754;HT-7010;PR;Handheld;20120731144156.0000000;20120731144156.0000000;195;1;EA;0.500;KG;USD;799.00;/SAP/PUBLIC/BC/NWDEMO_MODEL/IMAGES/HT-7010.jpg;0.070;0.150;0.130;M
000;755;HT-7000;PR;Handheld;20120731144156.0000000;20120731144156.0000000;196;1;EA;0.500;KG;EUR;549.00;/SAP/PUBLIC/BC/NWDEMO_MODEL/IMAGES/HT-7010.jpg;0.080;0.130;0.120;M
000;756;HT-1095;PR;Headset;20120731144156.0000000;20120731144156.0000000;197;1;EA;187.000;G;USD;160.00;;0.240;0.020;0.230;M
000;757;HT-1096;PR;Headset;20120731144156.0000000;20120731144156.0000000;198;1;EA;130.000;G;JPY;120.00;;0.250;0.020;0.190;M
000;758;HT-1097;PR;Headset;20120731144156.0000000;20120731144156.0000000;199;1;EA;60.000;G;ARS;56.00;/SAP/PUBLIC/BC/NWDEMO_MODEL/IMAGES/HT-1097.jpg;0.210;0.020;0.200;M
000;759;HT-6123;PR;MP3-Player;20120731144156.0000000;20120731144156.0000000;200;1;EA;267.000;G;ZAR;299.00;/SAP/PUBLIC/BC/NWDEMO_MODEL/IMAGES/HT-6123.jpg;0.130;0.020;0.140;M
000;760;HT-6122;PR;MP3-Player;20120731144156.0000000;20120731144156.0000000;201;1;EA;266.000;G;USD;167.00;/SAP/PUBLIC/BC/NWDEMO_MODEL/IMAGES/HT-6122.jpg;0.080;0.020;0.080;M
000;761;HT-6121;PR;MP3-Player;20120731144156.0000000;20120731144156.0000000;202;1;EA;134.000;G;EUR;63.00;/SAP/PUBLIC/BC/NWDEMO_MODEL/IMAGES/HT-6121.jpg;0.050;0.010;0.090;M
000;762;HT-6120;PR;MP3-Player;20120731144156.0000000;20120731144156.0000000;203;1;EA;134.000;G;INR;45.00;/SAP/PUBLIC/BC/NWDEMO_MODEL/IMAGES/HT-6120.jpg;0.050;0.020;0.060;M
000;763;HT-6111;PR;Electronics;20120731144156.0000000;20120731144156.0000000;204;1;EA;3.100;KG;PLN;288.00;/SAP/PUBLIC/BC/NWDEMO_MODEL/IMAGES/HT-6111.jpg;0.380;0.260;0.060;M
000;764;HT-6110;PR;Electronics;20120731144156.0000000;20120731144156.0000000;205;1;EA;2.400;KG;ARS;130.00;/SAP/PUBLIC/BC/NWDEMO_MODEL/IMAGES/HT-6110.jpg;0.370;0.240;0.060;M
000;765;HT-6102;PR;Beamer;20120731144156.0000000;20120731144156.0000000;206;1;EA;2.500;KG;CNY;889.00;;0.000;0.230;0.230;M
000;766;HT-6101;PR;Beamer;20120731144156.0000000;20120731144156.0000000;207;1;EA;2.000;KG;DKK;679.00;;0.320;0.210;0.180;M
000;767;HT-2002;PR;Electronics;20120731144156.0000000;20120731144156.0000000;208;1;EA;0.720;KG;EUR;853.99;/SAP/PUBLIC/BC/NWDEMO_MODEL/IMAGES/HT-2002.JPG;0.210;0.170;0.140;M
000;768;HT-6100;PR;Beamer;20120731144156.0000000;20120731144156.0000000;164;1;EA;1.700;KG;EUR;469.00;;0.180;0.150;0.120;M
000;769;HT-2027;PR;Others;20120731144156.0000000;20120731144156.0000000;165;1;EA;0.150;KG;EUR;24.99;/SAP/PUBLIC/BC/NWDEMO_MODEL/IMAGES/HT-2027.jpg;0.060;0.000;0.020;M
000;770;HT-2026;PR;Others;20120731144156.0000000;20120731144156.0000000;166;1;EA;0.200;KG;USD;29.99;/SAP/PUBLIC/BC/NWDEMO_MODEL/IMAGES/HT-2026.jpg;0.210;0.100;0.130;M
000;771;HT-2025;PR;Others;20120731144156.0000000;20120731144156.0000000;167;1;EA;0.650;KG;EUR;44.99;/SAP/PUBLIC/BC/NWDEMO_MODEL/IMAGES/HT-2025.jpg;0.670;0.230;0.250;M
000;772;HT-2001;PR;Electronics;20120731144156.0000000;20120731144156.0000000;168;1;EA;0.840;KG;USD;449.99;/SAP/PUBLIC/BC/NWDEMO_MODEL/IMAGES/HT-2001.JPG;0.240;0.200;0.290;M
000;773;HT-2000;PR;Electronics;20120731144156.0000000;20120731144156.0000000;169;1;EA;0.790;KG;EUR;249.99;/SAP/PUBLIC/BC/NWDEMO_MODEL/IMAGES/HT-2000.JPG;0.210;0.190;0.280;M
000;774;HT-1603;PR;PC;20120731144156.0000000;20120731144156.0000000;170;1;EA;6.800;KG;JPY;1700.00;/SAP/PUBLIC/BC/NWDEMO_MODEL/IMAGES/HT-1601.jpg;0.270;0.280;0.420;M
000;775;HT-1602;PR;PC;20120731144156.0000000;20120731144156.0000000;171;1;EA;5.900;KG;EUR;1200.00;/SAP/PUBLIC/BC/NWDEMO_MODEL/IMAGES/HT-1602.jpg;0.270;0.340;0.470;M
000;776;HT-1601;PR;PC;20120731144156.0000000;20120731144156.0000000;172;1;EA;5.000;KG;MXN;900.00;/SAP/PUBLIC/BC/NWDEMO_MODEL/IMAGES/HT-1601.jpg;0.250;0.320;0.400;M
000;777;HT-1600;PR;PC;20120731144156.0000000;20120731144156.0000000;173;1;EA;4.800;KG;ARS;600.00;/SAP/PUBLIC/BC/NWDEMO_MODEL/IMAGES/HT-1600.jpg;0.210;0.290;0.380;M
000;778;HT-1119;PR;Others;20120731144156.0000000;20120731144156.0000000;174;1;EA;88.000;G;USD;79.00;/SAP/PUBLIC/BC/NWDEMO_MODEL/IMAGES/HT-1119.jpg;0.020;0.030;0.040;M
000;779;HT-8000;PR;Notebooks;20120731144156.0000000;20120731144156.0000000;175;1;EA;4.000;KG;EUR;799.00;/SAP/PUBLIC/BC/NWDEMO_MODEL/IMAGES/HT-8000.jpg;0.310;0.190;0.030;M
000;780;HT-8001;PR;Notebooks;20120731144156.0000000;20120731144156.0000000;176;1;EA;4.200;KG;GBP;999.00;/SAP/PUBLIC/BC/NWDEMO_MODEL/IMAGES/HT-8001.jpg;0.320;0.200;0.030;M
000;781;HT-8002;PR;Notebooks;20120731144156.0000000;20120731144156.0000000;177;1;EA;3.500;KG;EUR;1199.00;/SAP/PUBLIC/BC/NWDEMO_MODEL/IMAGES/HT-8002.jpg;0.380;0.210;0.040;M
000;782;HT-8003;PR;Notebooks;20120731144156.0000000;20120731144156.0000000;178;1;EA;3.800;KG;USD;1388.00;/SAP/PUBLIC/BC/NWDEMO_MODEL/IMAGES/HT-8003.jpg;0.480;0.310;0.050;M
000;783;AD-1000;AD;Others;20120731144156.0000000;20120731144156.0000000;179;1;EA;0.010;KG;CAD;0.00;;0.460;0.000;0.030;M