Mandt;Spras;Land1;Regio;Counc;Bezei
800;H;US;PR;001;County in PR
800;Z;US;NH;001;County in NH
800;H;US;RI;001;County in RI
800;F;US;NV;001;County in NV
800;Z;US;NJ;001;County in NJ
800;H;US;SC;001;County in SC
800;Z;US;NM;001;County in NM
800;F;US;NY;001;County in NY
800;H;US;SD;001;County in SD
800;Z;US;NV;001;County in NV
800;F;US;OH;001;County in OH
800;Z;US;NY;001;County in NY
800;H;US;TN;001;County in TN
800;F;US;OK;001;County in OK
800;H;US;TX;001;County in TX
800;Z;US;OH;001;County in OH
800;F;US;OR;001;County in OR
800;H;US;UT;001;County in UT
800;Z;US;OK;001;County in OK
800;F;US;PA;001;County in PA
800;H;US;VA;001;County in VA
800;Z;US;OR;001;County in OR
800;F;US;PR;001;County in PR
800;H;US;VI;001;County in VI
800;F;US;RI;001;County in RI
800;Z;US;PA;001;County in PA
800;H;US;VT;001;County in VT
800;F;US;SC;001;County in SC
800;Z;US;PR;001;County in PR
800;H;US;WA;001;County in WA
800;F;US;SD;001;County in SD
800;Z;US;RI;001;County in RI
800;H;US;WI;001;County in WI
800;F;US;TN;001;County in TN
800;Z;US;SC;001;County in SC
800;H;US;WV;001;County in WV
800;F;US;TX;001;County in TX
800;Z;US;SD;001;County in SD
800;H;US;WY;001;County in WY
800;F;US;UT;001;County in UT
800;I;US;AK;001;County in AK
800;F;US;VA;001;County in VA
800;I;US;AL;001;County in AL
800;F;US;VI;001;County in VI
800;I;US;AR;001;County in AR
800;F;US;VT;001;County in VT
800;I;US;AS;001;County in AS
800;F;US;WA;001;County in WA
800;I;US;AZ;001;County in AZ
800;F;US;WI;001;County in WI
800;I;US;CA;001;County in CA
800;F;US;WV;001;County in WV
800;I;US;CO;001;County in CO
800;F;US;WY;001;County in WY
800;I;US;CT;001;County in CT
800;P;US;IL;001;County in IL
800;I;US;DC;001;County in DC
800;P;US;IN;001;County in IN
800;I;US;DE;001;County in DE
800;P;US;KS;001;County in KS
800;I;US;FL;001;County in FL
800;P;US;KY;001;County in KY
800;I;US;GA;001;County in GA
800;P;US;LA;001;County in LA
800;I;US;GU;001;County in GU
800;P;US;MA;001;County in MA
800;I;US;HI;001;County in HI
800;P;US;MD;001;County in MD
800;I;US;IA;001;County in IA
800;P;US;ME;001;County in ME
800;I;US;ID;001;County in ID
800;P;US;MI;001;County in MI
800;I;US;IL;001;County in IL
800;P;US;MN;001;County in MN
800;I;US;IN;001;County in IN
800;P;US;MO;001;County in MO
800;I;US;KS;001;County in KS
800;P;US;MP;001;County in MP
800;Z;US;TN;001;County in TN
800;I;US;KY;001;County in KY
800;P;US;MS;001;County in MS
800;Z;US;TX;001;County in TX
800;I;US;LA;001;County in LA
800;P;US;TX;001;County in TX
800;Z;US;UT;001;County in UT
800;I;US;MA;001;County in MA
800;Z;US;VA;001;County in VA
800;P;US;UT;001;County in UT
800;I;US;MD;001;County in MD
800;Z;US;VI;001;County in VI
800;I;US;ME;001;County in ME
800;P;US;VA;001;County in VA
800;Z;US;VT;001;County in VT
800;I;US;MI;001;County in MI
800;P;US;VI;001;County in VI
800;Z;US;WA;001;County in WA
800;I;US;MN;001;County in MN
800;P;US;VT;001;County in VT
800;Z;US;WI;001;County in WI
800;I;US;MO;001;County in MO
800;P;US;WA;001;County in WA
800;Z;US;WV;001;County in WV
800;I;US;MP;001;County in MP
800;P;US;WI;001;County in WI
800;Z;US;WY;001;County in WY
800;1;US;AK;001;AK???
800;P;US;WV;001;County in WV
800;I;US;MS;001;County in MS
800;1;US;AL;001;AL???
800;I;US;MT;001;County in MT
800;P;US;WY;001;County in WY
800;1;US;AR;001;AR???
800;U;US;AK;001;County in AK
800;1;US;AS;001;AS???
800;I;US;NC;001;County in NC
800;U;US;AL;001;County in AL
800;I;US;ND;001;County in ND
800;1;US;AZ;001;AZ???
800;1;US;CA;001;CA???
800;U;US;AR;001;County in AR
800;I;US;NE;001;County in NE
800;U;US;AS;001;County in AS
800;1;US;DC;001;DC???
800;I;US;NH;001;County in NH
800;U;US;AZ;001;County in AZ
800;1;US;DE;001;DE???
800;I;US;NJ;001;County in NJ
800;1;US;FL;001;FL???
800;I;US;NM;001;County in NM
800;U;US;CA;001;County in CA
800;1;US;GA;001;GA???
800;I;US;NV;001;County in NV
800;U;US;CO;001;County in CO
800;1;US;GU;001;GU???
800;I;US;NY;001;County in NY
800;U;US;CT;001;County in CT
800;1;US;HI;001;HI???
800;I;US;OH;001;County in OH
800;U;US;DC;001;County in DC
800;I;US;OK;001;County in OK
800;U;US;DE;001;County in DE
800;I;US;OR;001;County in OR
800;U;US;FL;001;County in FL
800;I;US;PA;001;County in PA
800;U;US;GA;001;County in GA
800;I;US;PR;001;County in PR
800;U;US;GU;001;County in GU
800;I;US;RI;001;County in RI
800;1;US;IA;001;IA???
800;U;US;HI;001;County in HI
800;I;US;SC;001;County in SC
800;1;US;ID;001;ID???
800;U;US;IA;001;County in IA
800;I;US;SD;001;County in SD
800;1;US;IL;001;IL???
800;U;US;ID;001;County in ID
800;I;US;TN;001;County in TN
800;1;US;IN;001;IN???
800;U;US;IL;001;County in IL
800;I;US;TX;001;County in TX
800;1;US;KS;001;KS???
800;U;US;IN;001;County in IN
800;1;US;MA;001;MA???
800;I;US;UT;001;County in UT
800;U;US;KS;001;County in KS
800;1;US;MD;001;MD???
800;I;US;VA;001;County in VA
800;U;US;KY;001;County in KY
800;1;US;ME;001;ME???
800;I;US;VI;001;County in VI
800;U;US;LA;001;County in LA
800;1;US;MI;001;MI???
800;I;US;VT;001;County in VT
800;U;US;MA;001;County in MA
800;1;US;MN;001;MN???
800;I;US;WA;001;County in WA
800;U;US;MD;001;County in MD
800;1;US;MO;001;MO???
800;I;US;WI;001;County in WI
800;U;US;ME;001;County in ME
800;1;US;MP;001;MP???
800;I;US;WV;001;County in WV
800;1;US;MS;001;MS???
800;U;US;MI;001;County in MI
800;I;US;WY;001;County in WY
800;1;US;MT;001;MT???
800;U;US;MN;001;County in MN
800;K;US;AK;001;County i AK
800;1;US;NC;001;NC???
800;U;US;MO;001;County in MO
800;K;US;AL;001;County i AL
800;1;US;ND;001;ND???
800;U;US;MP;001;County in MP
800;K;US;AR;001;County i AR
800;1;US;NE;001;NE???
800;U;US;MS;001;County in MS
800;K;US;AS;001;County i AS
800;1;US;NH;001;NH???
800;U;US;MT;001;County in MT
800;K;US;AZ;001;County i AZ
800;1;US;NJ;001;NJ???
800;U;US;NC;001;County in NC
800;K;US;CA;001;County i CA
800;1;US;NM;001;NM???
800;U;US;ND;001;County in ND
800;1;US;NV;001;NV???
800;K;US;CO;001;County i CO
800;1;US;NY;001;NY???
800;U;US;NE;001;County in NE
800;K;US;CT;001;County i CT
800;1;US;OH;001;OH???
800;U;US;NH;001;County in NH
800;K;US;DC;001;County i DC
800;1;US;OK;001;OK???
800;U;US;NJ;001;County in NJ
800;K;US;DE;001;County i DE
800;1;US;OR;001;OR???
800;U;US;NM;001;County in NM
800;K;US;FL;001;County i FL
800;1;US;PA;001;PA???
800;E;US;AK;001;County in AK
800;U;US;NV;001;County in NV
800;1;US;PR;001;PR???
800;K;US;GA;001;County i GA
800;K;US;GU;001;County i GU
800;1;US;SC;001;SC???
800;U;US;NY;001;County in NY
800;K;US;HI;001;County i HI
800;1;US;SD;001;SD???
800;U;US;OH;001;County in OH
800;E;US;AL;001;County in AL
800;K;US;IA;001;County i IA
800;1;US;TN;001;TN???
800;U;US;OK;001;County in OK
800;K;US;ID;001;County i ID
800;1;US;TX;001;TX???
800;U;US;OR;001;County in OR
800;K;US;IL;001;County i IL
800;E;US;AR;001;County in AR
800;1;US;UT;001;UT???
800;U;US;PA;001;County in PA
800;K;US;IN;001;County i IN
800;1;US;VA;001;VA???
800;U;US;PR;001;County in PR
800;K;US;KS;001;County i KS
800;1;US;VI;001;VI???
800;E;US;AS;001;County in AS
800;U;US;RI;001;County in RI
800;K;US;KY;001;County i KY
800;1;US;VT;001;VT???
800;U;US;SC;001;County in SC
800;K;US;LA;001;County i LA
800;1;US;WA;001;WA???
800;E;US;AZ;001;County in AZ
800;U;US;SD;001;County in SD
800;K;US;MA;001;County i MA
800;1;US;WI;001;WI???
800;1;US;WV;001;WV???
800;U;US;TN;001;County in TN
800;K;US;MD;001;County i MD
800;E;US;CA;001;County in CA
800;1;US;WY;001;WY???
800;K;US;ME;001;County i ME
800;U;US;TX;001;County in TX
800;3;US;AK;001;County in AK
800;K;US;MI;001;County i MI
800;U;US;UT;001;County in UT
800;E;US;CO;001;County in CO
800;3;US;AL;001;County in AL
800;K;US;MN;001;County i MN
800;U;US;VA;001;County in VA
800;3;US;AR;001;County in AR
800;K;US;MO;001;County i MO
800;U;US;VI;001;County in VI
800;E;US;CT;001;County in CT
800;3;US;AS;001;County in AS
800;K;US;MP;001;County i MP
800;3;US;AZ;001;County in AZ
800;U;US;VT;001;County in VT
800;K;US;MS;001;County i MS
800;E;US;DC;001;County in DC
800;U;US;WA;001;County in WA
800;K;US;MT;001;County i MT
800;3;US;CA;001;County in CA
800;K;US;NC;001;County i NC
800;3;US;CO;001;County in CO
800;U;US;WI;001;County in WI
800;E;US;DE;001;County in DE
800;K;US;ND;001;County i ND
800;3;US;CT;001;County in CT
800;G;US;AK;001;??????? ?? ??
800;K;US;NE;001;County i NE
800;3;US;DC;001;County in DC
800;G;US;AL;001;??????? ?? ?L
800;E;US;FL;001;County in FL
800;K;US;NH;001;County i NH
800;3;US;DE;001;County in DE
800;G;US;AS;001;??????? ?? AS
800;K;US;NJ;001;County i NJ
800;3;US;FL;001;County in FL
800;G;US;AZ;001;??????? ?? AZ
800;E;US;GA;001;County in GA
800;K;US;NM;001;County i NM
800;3;US;GA;001;County in GA
800;G;US;CA;001;??????? ?? CA
800;3;US;GU;001;County in GU
800;K;US;NV;001;County i NV
800;G;US;CO;001;??????? ?? CO
800;E;US;GU;001;County in GU
800;3;US;HI;001;County in HI
800;K;US;NY;001;County i NY
800;G;US;CT;001;??????? ?? CT
800;K;US;OH;001;County i OH
800;3;US;IA;001;County in IA
800;G;US;GU;001;??????? ?? GU
800;K;US;OK;001;County i OK
800;E;US;HI;001;County in HI
800;3;US;ID;001;County in ID
800;G;US;HI;001;??????? ?? ??
800;K;US;OR;001;County i OR
800;3;US;IL;001;County in IL
800;G;US;IA;001;??????? ?? ??
800;E;US;IA;001;County in IA
800;K;US;PA;001;County i PA
800;3;US;IN;001;County in IN
800;G;US;ID;001;??????? ?? ?D
800;K;US;PR;001;County i PR
800;3;US;KS;001;County in KS
800;E;US;ID;001;County in ID
800;G;US;IL;001;??????? ?? IL
800;K;US;RI;001;County i RI
800;3;US;KY;001;County in KY
800;K;US;SC;001;County i SC
800;G;US;IN;001;??????? ?? ??
800;3;US;LA;001;County in LA
800;E;US;IL;001;County in IL
800;K;US;SD;001;County i SD
800;3;US;MA;001;County in MA
800;G;US;KS;001;??????? ?? ?S
800;K;US;TN;001;County i TN
800;E;US;IN;001;County in IN
800;3;US;MD;001;County in MD
800;G;US;KY;001;??????? ?? ??
800;K;US;TX;001;County i TX
800;3;US;ME;001;County in ME
800;K;US;UT;001;County i UT
800;G;US;LA;001;??????? ?? LA
800;3;US;MI;001;County in MI
800;E;US;KS;001;County in KS
800;K;US;VA;001;County i VA
800;G;US;MA;001;??????? ?? MA
800;3;US;MN;001;County in MN
800;K;US;VI;001;County i VI
800;3;US;MO;001;County in MO
800;G;US;MD;001;??????? ?? MD
800;E;US;KY;001;County in KY
800;K;US;VT;001;County i VT
800;3;US;MP;001;County in MP
800;G;US;ME;001;??????? ?? ??
800;K;US;WA;001;County i WA
800;E;US;LA;001;County in LA
800;3;US;MS;001;County in MS
800;G;US;MI;001;??????? ?? ??
800;K;US;WI;001;County i WI
800;G;US;MN;001;??????? ?? ??
800;K;US;WV;001;County i WV
800;3;US;MT;001;County in MT
800;E;US;MA;001;County in MA
800;G;US;MO;001;??????? ?? ??
800;K;US;WY;001;County i WY
800;3;US;NC;001;County in NC
800;N;US;AK;001;County in AK
800;G;US;MP;001;??????? ?? ??
800;3;US;ND;001;County in ND
800;E;US;MD;001;County in MD
800;G;US;MS;001;??????? ?? ?S
800;3;US;NE;001;County in NE
800;N;US;AL;001;County in AL
800;E;US;ME;001;County in ME
800;G;US;MT;001;??????? ?? ??
800;3;US;NH;001;County in NH
800;N;US;AR;001;County in AR
800;G;US;NC;001;??????? ?? NC
800;N;US;AS;001;County in AS
800;3;US;NJ;001;County in NJ
800;E;US;MI;001;County in MI
800;G;US;ND;001;??????? ?? ND
800;N;US;AZ;001;County in AZ
800;3;US;NM;001;County in NM
800;E;US;MN;001;County in MN
800;3;US;NV;001;County in NV
800;G;US;NE;001;??????? ?? ??
800;N;US;CA;001;County in CA
800;G;US;NH;001;??????? ?? ??
800;N;US;CO;001;County in CO
800;3;US;NY;001;County in NY
800;E;US;MO;001;County in MO
800;G;US;NJ;001;??????? ?? ?J
800;N;US;CT;001;County in CT
800;3;US;OH;001;County in OH
800;G;US;NM;001;??????? ?? ??
800;E;US;MP;001;County in MP
800;N;US;DC;001;County in DC
800;3;US;OK;001;County in OK
800;G;US;NV;001;??????? ?? NV
800;N;US;DE;001;County in DE
800;3;US;OR;001;County in OR
800;E;US;MS;001;County in MS
800;G;US;NY;001;??????? ?? ??
800;3;US;PA;001;County in PA
800;N;US;FL;001;County in FL
800;3;US;PR;001;County in PR
800;G;US;OH;001;??????? ?? ??
800;N;US;GA;001;County in GA
800;E;US;MT;001;County in MT
800;3;US;RI;001;County in RI
800;G;US;OK;001;??????? ?? ??
800;N;US;GU;001;County in GU
800;3;US;SC;001;County in SC
800;G;US;OR;001;??????? ?? ?R
800;E;US;NC;001;County in NC
800;N;US;HI;001;County in HI
800;3;US;SD;001;County in SD
800;G;US;PA;001;??????? ?? ??
800;3;US;TN;001;County in TN
800;N;US;IA;001;County in IA
800;G;US;PR;001;??????? ?? PR
800;E;US;ND;001;County in ND
800;N;US;ID;001;County in ID
800;3;US;TX;001;County in TX
800;G;US;RI;001;??????? ?? RI
800;3;US;UT;001;County in UT
800;N;US;IL;001;County in IL
800;G;US;SC;001;??????? ?? SC
800;E;US;NE;001;County in NE
800;N;US;IN;001;County in IN
800;3;US;VA;001;County in VA
800;G;US;SD;001;??????? ?? SD
800;N;US;KS;001;County in KS
800;3;US;VI;001;County in VI
800;G;US;TN;001;??????? ?? ??
800;E;US;NH;001;County in NH
800;N;US;KY;001;County in KY
800;3;US;VT;001;County in VT
800;G;US;TX;001;??????? ?? ??
800;N;US;LA;001;County in LA
800;3;US;WA;001;County in WA
800;G;US;UT;001;??????? ?? UT
800;E;US;NJ;001;County in NJ
800;N;US;MA;001;County in MA
800;3;US;WI;001;County in WI
800;G;US;VA;001;??????? ?? VA
800;N;US;MD;001;County in MD
800;3;US;WV;001;County in WV
800;E;US;NM;001;County in NM
800;G;US;VI;001;??????? ?? VI
800;3;US;WY;001;County in WY
800;N;US;ME;001;County in ME
800;N;US;MI;001;County in MI
800;G;US;VT;001;??????? ?? VT
800;4;US;AK;001;County in AK
800;E;US;NV;001;County in NV
800;N;US;MN;001;County in MN
800;G;US;WA;001;??????? ?? WA
800;4;US;AL;001;County in AL
800;N;US;MO;001;County in MO
800;E;US;NY;001;County in NY
800;G;US;WI;001;??????? ?? WI
800;4;US;AR;001;County in AR
800;N;US;MP;001;County in MP
800;N;US;MS;001;County in MS
800;E;US;OH;001;County in OH
800;G;US;WV;001;??????? ?? WV
800;4;US;AS;001;County in AS
800;N;US;MT;001;County in MT
800;4;US;AZ;001;County in AZ
800;G;US;WY;001;??????? ?? WY
800;E;US;OK;001;County in OK
800;N;US;NC;001;County in NC
800;L;US;AK;001;Okr?g w AK
800;4;US;CA;001;County in CA
800;N;US;ND;001;County in ND
800;L;US;AL;001;Okr?g w AL
800;4;US;CO;001;County in CO
800;E;US;OR;001;County in OR
800;L;US;AR;001;Okr?g w AR
800;4;US;CT;001;County in CT
800;N;US;NE;001;County in NE
800;L;US;AS;001;Okr?g w AS
800;4;US;DC;001;County in DC
800;E;US;PA;001;County in PA
800;N;US;NH;001;County in NH
800;L;US;AZ;001;Okr?g w AZ
800;L;US;CA;001;Okr?g w CA
800;4;US;DE;001;County in DE
800;N;US;NJ;001;County in NJ
800;L;US;CO;001;Okr?g w CO
800;4;US;FL;001;County in FL
800;E;US;PR;001;County in PR
800;N;US;NM;001;County in NM
800;L;US;CT;001;Okr?g w CT
800;4;US;GA;001;County in GA
800;N;US;NV;001;County in NV
800;L;US;DC;001;Okr?g w DC
800;4;US;GU;001;County in GU
800;E;US;RI;001;County in RI
800;L;US;DE;001;Okr?g w DE
800;N;US;NY;001;County in NY
800;4;US;HI;001;County in HI
800;L;US;FL;001;Okr?g w FL
800;N;US;OH;001;County in OH
800;E;US;SC;001;County in SC
800;4;US;IA;001;County in IA
800;L;US;GA;001;Okr?g w GA
800;N;US;OK;001;County in OK
800;L;US;GU;001;Okr?g w GU
800;4;US;ID;001;County in ID
800;E;US;SD;001;County in SD
800;N;US;OR;001;County in OR
800;L;US;HI;001;Okr?g w HI
800;4;US;IL;001;County in IL
800;L;US;IA;001;Okr?g w IA
800;N;US;PA;001;County in PA
800;4;US;IN;001;County in IN
800;L;US;ID;001;Okr?g w ID
800;N;US;PR;001;County in PR
800;4;US;KS;001;County in KS
800;E;US;TN;001;County in TN
800;L;US;IL;001;Okr?g w IL
800;4;US;KY;001;County in KY
800;N;US;RI;001;County in RI
800;L;US;IN;001;Okr?g w IN
800;4;US;LA;001;County in LA
800;E;US;TX;001;County in TX
800;N;US;SC;001;County in SC
800;L;US;KS;001;Okr?g w KS
800;4;US;MA;001;County in MA
800;N;US;SD;001;County in SD
800;L;US;KY;001;Okr?g w KY
800;E;US;UT;001;County in UT
800;4;US;MD;001;County in MD
800;L;US;LA;001;Okr?g w LA
800;N;US;TN;001;County in TN
800;L;US;MA;001;Okr?g w MA
800;N;US;TX;001;County in TX
800;4;US;ME;001;County in ME
800;E;US;VA;001;County in VA
800;L;US;MD;001;Okr?g w MD
800;N;US;UT;001;County in UT
800;4;US;MI;001;County in MI
800;L;US;ME;001;Okr?g w ME
800;N;US;VA;001;County in VA
800;4;US;MN;001;County in MN
800;E;US;VI;001;County in VI
800;L;US;MI;001;Okr?g w MI
800;N;US;VI;001;County in VI
800;4;US;MO;001;County in MO
800;L;US;MN;001;Okr?g w MN
800;N;US;VT;001;County in VT
800;4;US;MP;001;County in MP
800;E;US;VT;001;County in VT
800;L;US;MO;001;Okr?g w MO
800;N;US;WA;001;County in WA
800;4;US;MS;001;County in MS
800;L;US;MP;001;Okr?g w MP
800;N;US;WI;001;County in WI
800;E;US;WA;001;County in WA
800;4;US;MT;001;County in MT
800;L;US;MS;001;Okr?g w MS
800;N;US;WV;001;County in WV
800;L;US;MT;001;Okr?g w MT
800;4;US;NC;001;County in NC
800;N;US;WY;001;County in WY
800;E;US;WI;001;County in WI
800;L;US;NC;001;Okr?g w NC
800;O;US;AK;001;Region i AK
800;4;US;ND;001;County in ND
800;O;US;AL;001;Region i AL
800;L;US;ND;001;Okr?g w ND
800;4;US;NE;001;County in NE
800;E;US;WV;001;County in WV
800;O;US;AR;001;Region i AR
800;L;US;NE;001;Okr?g w NE
800;4;US;NH;001;County in NH
800;O;US;AS;001;Region i AS
800;E;US;WY;001;County in WY
800;L;US;NH;001;Okr?g w NH
800;4;US;NJ;001;County in NJ
800;O;US;AZ;001;Region i AZ
800;O;US;CA;001;Region i CA
800;L;US;NJ;001;Okr?g w NJ
800;4;US;NM;001;County in NM
800;O;US;CO;001;Region i CO
800;J;US;AK;001;?????
800;L;US;NM;001;Okr?g w NM
800;4;US;NV;001;County in NV
800;O;US;CT;001;Region i CT
800;L;US;NV;001;Okr?g w NV
800;4;US;NY;001;County in NY
800;O;US;DC;001;Region i DC
800;J;US;AL;001;?????
800;L;US;NY;001;Okr?g w NY
800;O;US;DE;001;Region i DE
800;4;US;OH;001;County in OH
800;L;US;OH;001;Okr?g w OH
800;O;US;FL;001;Region i FL
800;4;US;OK;001;County in OK
800;J;US;AR;001;???????
800;L;US;OK;001;Okr?g w OK
800;O;US;GA;001;Region i GA
800;4;US;OR;001;County in OR
800;L;US;OR;001;Okr?g w OR
800;O;US;GU;001;Region i GU
800;4;US;PA;001;County in PA
800;J;US;AS;001;????????
800;L;US;PA;001;Okr?g w PA
800;O;US;HI;001;Region i HI
800;4;US;PR;001;County in PR
800;L;US;PR;001;Okr?g w PR
800;O;US;IA;001;Region i IA
800;4;US;RI;001;County in RI
800;L;US;RI;001;Okr?g w RI
800;J;US;AZ;001;?????
800;O;US;ID;001;Region i ID
800;4;US;SC;001;County in SC
800;L;US;SC;001;Okr?g w SC
800;O;US;IL;001;Region i IL
800;4;US;SD;001;County in SD
800;L;US;SD;001;Okr?g w SD
800;O;US;IN;001;Region i IN
800;J;US;CA;001;????????
800;4;US;TN;001;County in TN
800;L;US;TN;001;Okr?g w TN
800;O;US;KS;001;Region i KS
800;L;US;TX;001;Okr?g w TX
800;4;US;TX;001;County in TX
800;O;US;KY;001;Region i KY
800;L;US;UT;001;Okr?g w UT
800;J;US;CO;001;?????
800;O;US;LA;001;Region i LA
800;4;US;UT;001;County in UT
800;L;US;VA;001;Okr?g w VA
800;O;US;MA;001;Region i MA
800;4;US;VA;001;County in VA
800;L;US;VI;001;Okr?g w VI
800;O;US;MD;001;Region i MD
800;J;US;CT;001;???????
800;L;US;VT;001;Okr?g w VT
800;4;US;VI;001;County in VI
800;O;US;ME;001;Region i ME
800;4;US;VT;001;County in VT
800;L;US;WA;001;Okr?g w WA
800;O;US;MI;001;Region i MI
800;L;US;WI;001;Okr?g w WI
800;4;US;WA;001;County in WA
800;O;US;MN;001;Region i MN
800;J;US;DC;001;?????????
800;L;US;WV;001;Okr?g w WV
800;4;US;WI;001;County in WI
800;O;US;MO;001;Region i MO
800;L;US;WY;001;Okr?g w WY
800;O;US;MP;001;Region i MP
800;4;US;WV;001;County in WV
800;J;US;DE;001;??????
800;M;US;AK;001;????????
800;O;US;MS;001;Region i MS
800;4;US;WY;001;County in WY
800;M;US;AL;001;????????
800;O;US;MT;001;Region i MT
800;5;US;AK;001;County in AK
800;J;US;FL;001;?????
800;M;US;AR;001;???????
800;O;US;NC;001;Region i NC
800;5;US;AL;001;County in AL
800;O;US;ND;001;Region i ND
800;5;US;AR;001;County in AR
800;J;US;GA;001;??????
800;M;US;AS;001;AS ???
800;M;US;AZ;001;????????
800;O;US;NE;001;Region i NE
800;5;US;AS;001;County in AS
800;M;US;CA;001;?????????
800;O;US;NH;001;Region i NH
800;5;US;AZ;001;County in AZ
800;J;US;GU;001;?????
800;M;US;CO;001;????????
800;O;US;NJ;001;Region i NJ
800;5;US;CA;001;County in CA
800;M;US;CT;001;????????
800;O;US;NM;001;Region i NM
800;5;US;CO;001;County in CO
800;M;US;DC;001;?????????
800;O;US;NV;001;Region i NV
800;J;US;HI;001;?????
800;5;US;CT;001;County in CT
800;O;US;NY;001;Region i NY
800;M;US;DE;001;???????
800;5;US;DC;001;County in DC
800;O;US;OH;001;Region i OH
800;J;US;IA;001;?????
800;M;US;FL;001;????????
800;5;US;DE;001;County in DE
800;O;US;OK;001;Region i OK
800;M;US;GA;001;???????
800;5;US;FL;001;County in FL
800;J;US;ID;001;?????
800;O;US;OR;001;Region i OR
800;M;US;GU;001;?????
800;5;US;GA;001;County in GA
800;O;US;PA;001;Region i PA
800;O;US;PR;001;Region i PR
800;5;US;GU;001;County in GU
800;M;US;HI;001;???????
800;J;US;IL;001;?????
800;O;US;RI;001;Region i RI
800;5;US;HI;001;County in HI
800;M;US;IA;001;???????
800;O;US;SC;001;Region i SC
800;5;US;IA;001;County in IA
800;M;US;ID;001;???????
800;O;US;SD;001;Region i SD
800;J;US;IN;001;???????
800;5;US;ID;001;County in ID
800;M;US;IL;001;???????
800;O;US;TN;001;Region i TN
800;5;US;IL;001;County in IL
800;O;US;TX;001;Region i TX
800;J;US;KS;001;?????
800;M;US;IN;001;????????
800;5;US;IN;001;County in IN
800;O;US;UT;001;Region i UT
800;M;US;KS;001;???????
800;O;US;VA;001;Region i VA
800;5;US;KS;001;County in KS
800;J;US;KY;001;???????
800;O;US;VI;001;Region i VI
800;5;US;KY;001;County in KY
800;M;US;KY;001;???????
800;O;US;VT;001;Region i VT
800;5;US;LA;001;County in LA
800;M;US;LA;001;?????????
800;J;US;LA;001;???????
800;O;US;WA;001;Region i WA
800;5;US;MA;001;County in MA
800;M;US;MA;001;????????
800;O;US;WI;001;Region i WI
800;5;US;MD;001;County in MD
800;M;US;MD;001;???????
800;O;US;WV;001;Region i WV
800;J;US;MA;001;?????????
800;5;US;ME;001;County in ME
800;M;US;ME;001;??????
800;O;US;WY;001;Region i WY
800;5;US;MI;001;County in MI
800;Q;US;AZ;001;County v AZ
800;M;US;MI;001;???????
800;5;US;MN;001;County in MN
800;J;US;MD;001;???????
800;Q;US;CA;001;County v CA
800;M;US;MN;001;????????
800;5;US;MO;001;County in MO
800;Q;US;CO;001;County v CO
800;M;US;MO;001;???????
800;J;US;ME;001;?????
800;5;US;MP;001;County in MP
800;Q;US;CT;001;County v CT
800;M;US;MP;001;MP ???
800;Q;US;DC;001;County v DC
800;5;US;MS;001;County in MS
800;M;US;MS;001;????????
800;Q;US;DE;001;County v DE
800;J;US;MI;001;?????
800;5;US;MT;001;County in MT
800;M;US;MT;001;???????
800;Q;US;FL;001;County v FL
800;5;US;NC;001;County in NC
800;M;US;NC;001;?????????
800;Q;US;GA;001;County v GA
800;J;US;MN;001;?????
800;5;US;ND;001;County in ND
800;M;US;ND;001;????????
800;Q;US;GU;001;County v GU
800;5;US;NE;001;County in NE
800;Q;US;HI;001;County v HI
800;M;US;NE;001;?????????
800;J;US;MO;001;?????
800;Q;US;IA;001;County v IA
800;5;US;NH;001;County in NH
800;M;US;NH;001;????????
800;Q;US;ID;001;County v ID
800;5;US;NJ;001;County in NJ
800;J;US;MP;001;???????
800;Q;US;IL;001;County v IL
800;M;US;NJ;001;???????
800;5;US;NM;001;County in NM
800;Q;US;IN;001;County v IN
800;5;US;NV;001;County in NV
800;M;US;NM;001;????????
800;Q;US;KS;001;County v KS
800;J;US;MS;001;???????
800;5;US;NY;001;County in NY
800;M;US;NV;001;???????
800;Q;US;KY;001;County v KY
800;5;US;OH;001;County in OH
800;M;US;NY;001;??????
800;Q;US;LA;001;County v LA
800;J;US;MT;001;?????
800;M;US;OH;001;???????
800;5;US;OK;001;County in OK
800;Q;US;MA;001;County v MA
800;Q;US;MD;001;County v MD
800;5;US;OR;001;County in OR
800;M;US;OK;001;?????????
800;Q;US;ME;001;County v ME
800;J;US;NC;001;N ??????
800;5;US;PA;001;County in PA
800;M;US;OR;001;???????
800;Q;US;MI;001;County v MI
800;5;US;PR;001;County in PR
800;M;US;PA;001;?????????
800;Q;US;MN;001;County v MN
800;J;US;ND;001;???????
800;5;US;RI;001;County in RI
800;Q;US;MO;001;County v MO
800;M;US;PR;001;???????
800;5;US;SC;001;County in SC
800;Q;US;MP;001;County v MP
800;J;US;NE;001;??????
800;M;US;RI;001;???????
800;5;US;SD;001;County in SD
800;Q;US;MS;001;County v MS
800;Q;US;MT;001;County v MT
800;5;US;TN;001;County in TN
800;M;US;SC;001;?????????
800;Q;US;NC;001;County v NC
800;5;US;TX;001;County in TX
800;M;US;SD;001;????????
800;Q;US;ND;001;County v ND
800;5;US;UT;001;County in UT
800;J;US;NH;001;N ???????
800;M;US;TN;001;???????
800;Q;US;NE;001;County v NE
800;5;US;VA;001;County in VA
800;Q;US;NH;001;County v NH
800;5;US;VI;001;County in VI
800;M;US;TX;001;????????
800;Q;US;NJ;001;County v NJ
800;J;US;NJ;001;N ??????
800;5;US;VT;001;County in VT
800;M;US;UT;001;??????
800;Q;US;NM;001;County v NM
800;5;US;WA;001;County in WA
800;M;US;VA;001;????????
800;Q;US;NV;001;County v NV
800;5;US;WI;001;County in WI
800;J;US;NM;001;????????
800;Q;US;NY;001;County v NY
800;5;US;WV;001;County in WV
800;M;US;VI;001;??????
800;J;US;NV;001;????
800;Q;US;OH;001;County v OH
800;5;US;WY;001;County in WY
800;Q;US;OK;001;County v OK
800;M;US;VT;001;???????
800;6;US;AK;001;Okrug u AK
800;J;US;NY;001;???????
800;6;US;AL;001;Okrug u AL
800;Q;US;OR;001;County v OR
800;6;US;AR;001;Okrug u AR
800;Q;US;PA;001;County v PA
800;M;US;WA;001;???????
800;J;US;OH;001;?????
800;6;US;AS;001;Okrug u AS
800;Q;US;PR;001;County v PR
800;6;US;AZ;001;Okrug u AZ
800;Q;US;RI;001;County v RI
800;M;US;WI;001;????????
800;J;US;OK;001;??????
800;6;US;CA;001;Okrug u CA
800;Q;US;SC;001;County v SC
800;6;US;CO;001;Okrug u CO
800;Q;US;SD;001;County v SD
800;M;US;WV;001;?????????
800;6;US;CT;001;Okrug u CT
800;J;US;OR;001;?????
800;Q;US;TN;001;County v TN
800;6;US;DC;001;Okrug u DC
800;Q;US;TX;001;County v TX
800;M;US;WY;001;???????
800;6;US;DE;001;Okrug u DE
800;Q;US;UT;001;County v UT
800;J;US;PA;001;????????
800;6;US;FL;001;Okrug u FL
800;Q;US;VA;001;County v VA
800;R;US;AK;001;County in AK
800;6;US;GA;001;Okrug u GA
800;Q;US;VI;001;County v VI
800;J;US;PR;001;??????
800;6;US;GU;001;Okrug u GU
800;Q;US;VT;001;County v VT
800;R;US;AL;001;County in AL
800;Q;US;WA;001;County v WA
800;6;US;HI;001;Okrug u HI
800;J;US;RI;001;R ??????
800;R;US;AR;001;County in AR
800;Q;US;WI;001;County v WI
800;6;US;IA;001;Okrug u IA
800;Q;US;WV;001;County v WV
800;6;US;ID;001;Okrug u ID
800;R;US;AS;001;County in AS
800;J;US;SC;001;S ??????
800;Q;US;WY;001;County v WY
800;6;US;IL;001;Okrug u IL
800;R;US;AZ;001;County in AZ
800;C;US;AK;001;County v AK
800;6;US;IN;001;Okrug u IN
800;R;US;CA;001;County in CA
800;J;US;SD;001;???????
800;C;US;AL;001;County v AL
800;6;US;KS;001;Okrug u KS
800;R;US;CO;001;County in CO
800;C;US;AR;001;County v AR
800;6;US;KY;001;Okrug u KY
800;R;US;CT;001;County in CT
800;J;US;TN;001;?????
800;C;US;AS;001;County v AS
800;6;US;LA;001;Okrug u LA
800;R;US;DC;001;County in DC
800;C;US;AZ;001;County v AZ
800;6;US;MA;001;Okrug u MA
800;R;US;DE;001;County in DE
800;6;US;MD;001;Okrug u MD
800;J;US;TX;001;?????
800;C;US;CA;001;County v CA
800;R;US;FL;001;County in FL
800;6;US;ME;001;Okrug u ME
800;C;US;CO;001;County v CO
800;R;US;GA;001;County in GA
800;6;US;MI;001;Okrug u MI
800;J;US;UT;001;???
800;C;US;CT;001;County v CT
800;R;US;GU;001;County in GU
800;6;US;MN;001;Okrug u MN
800;C;US;DC;001;County v DC
800;R;US;HI;001;County in HI
800;C;US;DE;001;County v DE
800;6;US;MO;001;Okrug u MO
800;J;US;VA;001;??????
800;R;US;IA;001;County in IA
800;C;US;FL;001;County v FL
800;6;US;MP;001;Okrug u MP
800;R;US;ID;001;County in ID
800;C;US;GA;001;County v GA
800;6;US;MS;001;Okrug u MS
800;R;US;IL;001;County in IL
800;C;US;GU;001;County v GU
800;6;US;MT;001;Okrug u MT
800;C;US;HI;001;County v HI
800;R;US;IN;001;County in IN
800;6;US;NC;001;Okrug u NC
800;C;US;IA;001;County v IA
800;R;US;KS;001;County in KS
800;6;US;ND;001;Okrug u ND
800;C;US;ID;001;County v ID
800;6;US;NE;001;Okrug u NE
800;R;US;KY;001;County in KY
800;C;US;IL;001;County v IL
800;R;US;LA;001;County in LA
800;6;US;NH;001;Okrug u NH
800;C;US;IN;001;County v IN
800;6;US;NJ;001;Okrug u NJ
800;R;US;MA;001;County in MA
800;C;US;KS;001;County v KS
800;6;US;NM;001;Okrug u NM
800;C;US;KY;001;County v KY
800;R;US;MD;001;County in MD
800;6;US;NV;001;Okrug u NV
800;C;US;LA;001;County v LA
800;6;US;NY;001;Okrug u NY
800;R;US;ME;001;County in ME
800;C;US;MA;001;County v MA
800;6;US;OH;001;Okrug u OH
800;C;US;MD;001;County v MD
800;R;US;MI;001;County in MI
800;6;US;OK;001;Okrug u OK
800;C;US;ME;001;County v ME
800;R;US;MN;001;County in MN
800;6;US;OR;001;Okrug u OR
800;C;US;MI;001;County v MI
800;J;US;VI;001;???? I ?
800;R;US;MO;001;County in MO
800;6;US;PA;001;Okrug u PA
800;C;US;MN;001;County v MN
800;R;US;MP;001;County in MP
800;6;US;PR;001;Okrug u PR
800;C;US;MO;001;County v MO
800;J;US;VT;001;??????
800;R;US;MS;001;County in MS
800;6;US;RI;001;Okrug u RI
800;C;US;MP;001;County v MP
800;R;US;MT;001;County in MT
800;C;US;MS;001;County v MS
800;6;US;SC;001;Okrug u SC
800;J;US;WA;001;??????
800;R;US;NC;001;County in NC
800;C;US;MT;001;County v MT
800;6;US;SD;001;Okrug u SD
800;R;US;ND;001;County in ND
800;C;US;NC;001;County v NC
800;6;US;TN;001;+Okrug u TN
800;R;US;NE;001;County in NE
800;6;US;TX;001;Okrug u TX
800;C;US;ND;001;County v ND
800;J;US;WI;001;????????
800;R;US;NH;001;County in NH
800;6;US;UT;001;Okrug u UT
800;C;US;NE;001;County v NE
800;J;US;WV;001;W ??????
800;C;US;NH;001;County v NH
800;6;US;VA;001;Okrug u VA
800;R;US;NJ;001;County in NJ
800;C;US;NJ;001;County v NJ
800;6;US;VI;001;Okrug u VI
800;R;US;NM;001;County in NM
800;J;US;WY;001;???????
800;6;US;VT;001;Okrug u VT
800;C;US;NM;001;County v NM
800;R;US;NV;001;County in NV
800;6;US;WA;001;Okrug u WA
800;C;US;NV;001;County v NV
800;R;US;NY;001;County in NY
800;V;US;AK;001;County i AK
800;6;US;WI;001;Okrug u WI
800;C;US;NY;001;County v NY
800;R;US;OH;001;County in OH
800;C;US;OH;001;County v OH
800;6;US;WV;001;Okrug u WV
800;V;US;AL;001;County i AL
800;R;US;OK;001;County in OK
800;C;US;OK;001;County v OK
800;6;US;WY;001;Okrug u WY
800;R;US;OR;001;County in OR
800;C;US;OR;001;County v OR
800;G;US;AR;001;??????? ?? AR
800;V;US;AR;001;County i AR
800;C;US;PA;001;County v PA
800;R;US;PA;001;County in PA
800;G;US;DC;001;??????? ?? DC
800;C;US;PR;001;County v PR
800;V;US;AS;001;County i AS
800;R;US;PR;001;County in PR
800;G;US;DE;001;??????? ?? DE
800;C;US;RI;001;County v RI
800;R;US;RI;001;County in RI
800;V;US;AZ;001;County i AZ
800;C;US;SC;001;County v SC
800;G;US;FL;001;??????? ?? FL
800;R;US;SC;001;County in SC
800;C;US;SD;001;County v SD
800;G;US;GA;001;??????? ?? GA
800;V;US;CA;001;County i CA
800;C;US;TN;001;County v TN
800;R;US;SD;001;County in SD
800;d;US;AK;001;County in AK
800;C;US;TX;001;County v TX
800;d;US;AL;001;County in AL
800;R;US;TN;001;County in TN
800;C;US;UT;001;County v UT
800;V;US;CO;001;County i CO
800;d;US;AR;001;County in AR
800;R;US;TX;001;County in TX
800;C;US;VA;001;County v VA
800;d;US;AS;001;County in AS
800;V;US;CT;001;County i CT
800;C;US;VI;001;County v VI
800;R;US;UT;001;County in UT
800;d;US;AZ;001;County in AZ
800;C;US;VT;001;County v VT
800;d;US;CA;001;County in CA
800;R;US;VA;001;County in VA
800;V;US;DC;001;County i DC
800;C;US;WA;001;County v WA
800;d;US;CO;001;County in CO
800;R;US;VI;001;County in VI
800;C;US;WI;001;County v WI
800;d;US;CT;001;County in CT
800;V;US;DE;001;County i DE
800;R;US;VT;001;County in VT
800;C;US;WV;001;County v WV
800;d;US;DC;001;County in DC
800;R;US;WA;001;County in WA
800;C;US;WY;001;County v WY
800;V;US;FL;001;County i FL
800;d;US;DE;001;County in DE
800;R;US;WI;001;County in WI
800;Q;US;AK;001;County v AK
800;d;US;FL;001;County in FL
800;R;US;WV;001;County in WV
800;V;US;GA;001;County i GA
800;Q;US;AL;001;County v AL
800;d;US;GA;001;County in GA
800;Q;US;AR;001;County v AR
800;R;US;WY;001;County in WY
800;d;US;GU;001;County in GU
800;V;US;GU;001;County i GU
800;U;US;WV;001;County in WV
800;d;US;HI;001;County in HI
800;Q;US;AS;001;County v AS
800;d;US;IA;001;County in IA
800;U;US;WY;001;County in WY
800;T;US;AK;001;County in AK
800;V;US;KS;001;County i KS
800;d;US;ID;001;County in ID
800;T;US;AL;001;County in AL
800;W;US;AK;001;????? ? AK
800;d;US;IL;001;County in IL
800;T;US;AR;001;County in AR
800;V;US;KY;001;County i KY
800;W;US;AL;001;????? ? Al
800;d;US;IN;001;County in IN
800;T;US;AS;001;County in AS
800;W;US;AR;001;????? ? AR
800;d;US;KS;001;County in KS
800;V;US;LA;001;County i LA
800;T;US;AZ;001;County in AZ
800;d;US;KY;001;County in KY
800;W;US;AS;001;????? ? AS
800;T;US;CA;001;County in CA
800;V;US;MA;001;County i MA
800;d;US;LA;001;County in LA
800;W;US;AZ;001;????? ? AZ
800;T;US;CO;001;County in CO
800;d;US;MA;001;County in MA
800;W;US;CA;001;????? ? CA
800;V;US;MD;001;County i MD
800;T;US;CT;001;County in CT
800;d;US;MD;001;County in MD
800;W;US;CO;001;????? ? CO
800;T;US;DC;001;County in DC
800;d;US;ME;001;County in ME
800;V;US;MO;001;County i MO
800;W;US;CT;001;????? ? CT
800;T;US;DE;001;County in DE
800;d;US;MI;001;County in MI
800;V;US;MP;001;County i MP
800;d;US;MN;001;County in MN
800;T;US;FL;001;County in FL
800;W;US;DC;001;????? ? DC
800;d;US;MO;001;County in MO
800;V;US;MS;001;County i MS
800;W;US;DE;001;????? ? DE
800;T;US;GA;001;County in GA
800;d;US;MP;001;County in MP
800;T;US;GU;001;County in GU
800;W;US;FL;001;????? ? FL
800;d;US;MS;001;County in MS
800;V;US;MT;001;County i MT
800;T;US;HI;001;County in HI
800;W;US;GA;001;????? ? GA
800;d;US;MT;001;County in MT
800;V;US;NC;001;County i NC
800;T;US;IA;001;County in IA
800;W;US;GU;001;????? ? GU
800;d;US;NC;001;County in NC
800;d;US;ND;001;County in ND
800;T;US;ID;001;County in ID
800;W;US;HI;001;????? ? HI
800;V;US;ND;001;County i ND
800;d;US;NE;001;County in NE
800;T;US;IL;001;County in IL
800;W;US;IA;001;????? ? IA
800;d;US;NH;001;County in NH
800;V;US;UT;001;County i UT
800;T;US;IN;001;County in IN
800;W;US;ID;001;????? ? ID
800;d;US;NJ;001;County in NJ
800;T;US;KS;001;County in KS
800;W;US;IL;001;????? ? IL
800;d;US;NM;001;County in NM
800;V;US;VA;001;County i VA
800;T;US;KY;001;County in KY
800;d;US;NV;001;County in NV
800;W;US;IN;001;????? ? IN
800;V;US;VI;001;County i VI
800;T;US;LA;001;County in LA
800;d;US;NY;001;County in NY
800;W;US;KS;001;????? ? KS
800;d;US;OH;001;County in OH
800;T;US;MA;001;County in MA
800;V;US;VT;001;County i VT
800;W;US;KY;001;????? ? KY
800;d;US;OK;001;County in OK
800;T;US;MD;001;County in MD
800;d;US;OR;001;County in OR
800;W;US;LA;001;????? ? LA
800;V;US;WA;001;County i WA
800;T;US;ME;001;County in ME
800;d;US;PA;001;County in PA
800;W;US;MA;001;????? ? MA
800;T;US;MI;001;County in MI
800;d;US;PR;001;County in PR
800;V;US;WI;001;County i WI
800;W;US;MD;001;????? ? MD
800;T;US;MN;001;County in MN
800;d;US;RI;001;County in RI
800;W;US;ME;001;????? ? ME
800;V;US;WV;001;County i WV
800;d;US;SC;001;County in SC
800;T;US;MO;001;County in MO
800;W;US;MI;001;????? ? MI
800;T;US;MP;001;County in MP
800;d;US;SD;001;County in SD
800;V;US;WY;001;County i WY
800;W;US;MN;001;????? ? MN
800;d;US;TN;001;County in TN
800;T;US;MS;001;County in MS
800;D;US;AK;001;County in AK
800;d;US;TX;001;County in TX
800;W;US;MO;001;????? ? MO
800;d;US;UT;001;County in UT
800;W;US;MP;001;????? ? MP
800;D;US;AL;001;County in AL
800;d;US;VA;001;County in VA
800;W;US;MS;001;????? ? MS
800;d;US;VI;001;County in VI
800;D;US;AR;001;County in AR
800;W;US;MT;001;????? ? MT
800;d;US;VT;001;County in VT
800;W;US;NC;001;????? ? NC
800;d;US;WA;001;County in WA
800;T;US;MT;001;County in MT
800;D;US;AS;001;County in AS
800;T;US;NC;001;County in NC
800;W;US;ND;001;????? ? ND
800;d;US;WI;001;County in WI
800;D;US;AZ;001;County in AZ
800;T;US;ND;001;County in ND
800;d;US;WV;001;County in WV
800;W;US;NE;001;????? ? NE
800;T;US;NE;001;County in NE
800;d;US;WY;001;County in WY
800;W;US;NH;001;????? ? NH
800;D;US;CA;001;County in CA
800;T;US;NH;001;County in NH
800;1;US;CO;001;CO???
800;W;US;NJ;001;????? ? NJ
800;1;US;CT;001;CT???
800;T;US;NJ;001;County in NJ
800;D;US;CO;001;County in CO
800;W;US;NM;001;????? ? NM
800;1;US;KY;001;KY???
800;T;US;NM;001;County in NM
800;W;US;NV;001;????? ? NV
800;D;US;CT;001;County in CT
800;T;US;NV;001;County in NV
800;W;US;NY;001;????? ? NY
800;1;US;LA;001;LA???
800;1;US;RI;001;RI???
800;T;US;NY;001;County in NY
800;W;US;OH;001;????? ? OH
800;D;US;DC;001;County in DC
800;H;US;AK;001;County in AK
800;T;US;OH;001;County in OH
800;W;US;OK;001;????? ? OK
800;H;US;AL;001;County in AL
800;T;US;OK;001;County in OK
800;W;US;OR;001;????? ? OR
800;D;US;DE;001;County in DE
800;H;US;AR;001;County in AR
800;T;US;OR;001;County in OR
800;W;US;PA;001;????? ? PA
800;H;US;AS;001;County in AS
800;T;US;PA;001;County in PA
800;D;US;FL;001;County in FL
800;W;US;PR;001;????? ? PR
800;T;US;PR;001;County in PR
800;H;US;AZ;001;County in AZ
800;W;US;RI;001;????? ? RI
800;T;US;RI;001;County in RI
800;H;US;CA;001;County in CA
800;D;US;GA;001;County in GA
800;W;US;SC;001;????? ? SC
800;T;US;SC;001;County in SC
800;H;US;CO;001;County in CO
800;W;US;SD;001;????? ? SD
800;D;US;GU;001;County in GU
800;T;US;SD;001;County in SD
800;H;US;CT;001;County in CT
800;W;US;TN;001;????? ? TN
800;T;US;TN;001;County in TN
800;H;US;DC;001;County in DC
800;D;US;HI;001;County in HI
800;W;US;TX;001;????? ? TX
800;T;US;TX;001;County in TX
800;H;US;DE;001;County in DE
800;T;US;UT;001;County in UT
800;W;US;UT;001;????? ? UT
800;H;US;FL;001;County in FL
800;D;US;IA;001;County in IA
800;T;US;VA;001;County in VA
800;H;US;GA;001;County in GA
800;W;US;VA;001;????? ? VA
800;D;US;ID;001;County in ID
800;H;US;GU;001;County in GU
800;W;US;VI;001;????? ? VI
800;T;US;VI;001;County in VI
800;H;US;HI;001;County in HI
800;T;US;VT;001;County in VT
800;W;US;VT;001;????? ? VT
800;D;US;IL;001;County in IL
800;H;US;IA;001;County in IA
800;T;US;WA;001;County in WA
800;W;US;WA;001;????? ? WA
800;H;US;ID;001;County in ID
800;T;US;WI;001;County in WI
800;W;US;WI;001;????? ? WI
800;D;US;IN;001;County in IN
800;H;US;IL;001;County in IL
800;T;US;WV;001;County in WV
800;W;US;WV;001;????? ? WV
800;H;US;IN;001;County in IN
800;T;US;WY;001;County in WY
800;D;US;KS;001;County in KS
800;W;US;WY;001;????? ? WY
800;H;US;KS;001;County in KS
800;H;US;KY;001;County in KY
800;Z;US;AK;001;County in AK
800;D;US;KY;001;County in KY
800;H;US;LA;001;County in LA
800;Z;US;AL;001;County in AL
800;H;US;MA;001;County in MA
800;Z;US;AR;001;County in AR
800;D;US;LA;001;County in LA
800;H;US;MD;001;County in MD
800;Z;US;AS;001;County in AS
800;H;US;ME;001;County in ME
800;D;US;MA;001;County in MA
800;Z;US;AZ;001;County in AZ
800;H;US;MI;001;County in MI
800;Z;US;CA;001;County in CA
800;H;US;MN;001;County in MN
800;D;US;MD;001;County in MD
800;Z;US;CO;001;County in CO
800;H;US;MO;001;County in MO
800;Z;US;CT;001;County in CT
800;H;US;MP;001;County in MP
800;D;US;ME;001;County in ME
800;Z;US;DC;001;County in DC
800;H;US;MS;001;County in MS
800;H;US;MT;001;County in MT
800;Z;US;DE;001;County in DE
800;D;US;MI;001;County in MI
800;H;US;NC;001;County in NC
800;Z;US;FL;001;County in FL
800;H;US;ND;001;County in ND
800;D;US;MN;001;County in MN
800;Z;US;GA;001;County in GA
800;H;US;NE;001;County in NE
800;H;US;NH;001;County in NH
800;Z;US;GU;001;County in GU
800;D;US;MO;001;County in MO
800;H;US;NJ;001;County in NJ
800;Z;US;HI;001;County in HI
800;H;US;NM;001;County in NM
800;Z;US;IA;001;County in IA
800;D;US;MP;001;County in MP
800;H;US;NV;001;County in NV
800;Z;US;ID;001;County in ID
800;H;US;NY;001;County in NY
800;D;US;MS;001;County in MS
800;Z;US;IL;001;County in IL
800;H;US;OH;001;County in OH
800;H;US;OK;001;County in OK
800;Z;US;IN;001;County in IN
800;D;US;MT;001;County in MT
800;H;US;OR;001;County in OR
800;Z;US;KS;001;County in KS
800;H;US;PA;001;County in PA
800;Z;US;KY;001;County in KY
800;D;US;NC;001;County in NC
800;Z;US;LA;001;County in LA
800;D;US;ND;001;County in ND
800;Z;US;MA;001;County in MA
800;Z;US;MD;001;County in MD
800;D;US;NE;001;County in NE
800;Z;US;ME;001;County in ME
800;Z;US;MI;001;County in MI
800;D;US;NH;001;County in NH
800;Z;US;MN;001;County in MN
800;Z;US;MO;001;County in MO
800;D;US;NJ;001;County in NJ
800;Z;US;MP;001;County in MP
800;Z;US;MS;001;County in MS
800;D;US;NM;001;County in NM
800;Z;US;MT;001;County in MT
800;D;US;NV;001;County in NV
800;Z;US;NC;001;County in NC
800;Z;US;ND;001;County in ND
800;D;US;NY;001;County in NY
800;Z;US;NE;001;County in NE
800;D;US;OH;001;County in OH
800;D;US;OK;001;County in OK
800;D;US;OR;001;County in OR
800;D;US;PA;001;County in PA
800;D;US;PR;001;County in PR
800;D;US;RI;001;County in RI
800;D;US;SC;001;County in SC
800;D;US;SD;001;County in SD
800;D;US;TN;001;County in TN
800;D;US;TX;001;County in TX
800;D;US;UT;001;County in UT
800;D;US;VA;001;County in VA
800;D;US;VI;001;County in VI
800;D;US;VT;001;County in VT
800;D;US;WA;001;County in WA
800;D;US;WI;001;County in WI
800;D;US;WV;001;County in WV
800;D;US;WY;001;County in WY
800;P;US;AK;001;County in AK
800;P;US;AL;001;County in AL
800;P;US;AR;001;County in AR
800;P;US;AS;001;County in AS
800;P;US;AZ;001;County in AZ
800;P;US;CA;001;County in CA
800;P;US;CO;001;County in CO
800;P;US;CT;001;County in CT
800;P;US;DC;001;County in DC
800;P;US;DE;001;County in DE
800;P;US;FL;001;County in FL
800;P;US;GA;001;County in GA
800;P;US;GU;001;County in GU
800;P;US;HI;001;County in HI
800;P;US;IA;001;County in IA
800;P;US;ID;001;County in ID
800;P;US;MT;001;County in MT
800;P;US;NC;001;County in NC
800;P;US;ND;001;County in ND
800;P;US;NE;001;County in NE
800;P;US;NH;001;County in NH
800;P;US;NJ;001;County in NJ
800;P;US;NM;001;County in NM
800;P;US;NV;001;County in NV
800;P;US;NY;001;County in NY
800;P;US;OH;001;County in OH
800;P;US;OK;001;County in OK
800;P;US;OR;001;County in OR
800;P;US;PA;001;County in PA
800;P;US;PR;001;County in PR
800;P;US;RI;001;County in RI
800;P;US;SC;001;County in SC
800;P;US;SD;001;County in SD
800;P;US;TN;001;County in TN
800;S;US;AK;001;County in AK
800;S;US;AL;001;County in AL
800;S;US;AR;001;County in AR
800;S;US;AS;001;County in AS
800;S;US;AZ;001;County in AZ
800;S;US;CA;001;County in CA
800;S;US;CO;001;County in CO
800;S;US;CT;001;County in CT
800;S;US;DC;001;County in DC
800;S;US;DE;001;County in DE
800;S;US;FL;001;County in FL
800;S;US;GA;001;County in GA
800;S;US;GU;001;County in GU
800;S;US;HI;001;County in HI
800;S;US;IA;001;County in IA
800;S;US;ID;001;County in ID
800;S;US;IL;001;County in IL
800;S;US;IN;001;County in IN
800;S;US;KS;001;County in KS
800;S;US;KY;001;County in KY
800;S;US;LA;001;County in LA
800;S;US;MA;001;County in MA
800;S;US;MD;001;County in MD
800;S;US;ME;001;County in ME
800;S;US;MI;001;County in MI
800;S;US;MN;001;County in MN
800;S;US;MO;001;County in MO
800;S;US;MP;001;County in MP
800;S;US;MS;001;County in MS
800;S;US;MT;001;County in MT
800;S;US;NC;001;County in NC
800;S;US;ND;001;County in ND
800;S;US;NE;001;County in NE
800;S;US;NH;001;County in NH
800;S;US;NJ;001;County in NJ
800;S;US;NM;001;County in NM
800;S;US;NV;001;County in NV
800;S;US;NY;001;County in NY
800;S;US;OH;001;County in OH
800;S;US;OK;001;County in OK
800;S;US;OR;001;County in OR
800;S;US;PA;001;County in PA
800;S;US;PR;001;County in PR
800;S;US;RI;001;County in RI
800;S;US;SC;001;County in SC
800;S;US;SD;001;County in SD
800;S;US;TN;001;County in TN
800;S;US;TX;001;County in TX
800;S;US;UT;001;County in UT
800;S;US;VA;001;County in VA
800;S;US;VI;001;County in VI
800;S;US;VT;001;County in VT
800;S;US;WA;001;County in WA
800;S;US;WI;001;County in WI
800;S;US;WV;001;County in WV
800;S;US;WY;001;County in WY
800;V;US;HI;001;County i HI
800;V;US;IA;001;County i IA
800;V;US;ID;001;County i ID
800;V;US;IL;001;County i IL
800;V;US;IN;001;County i IN
800;V;US;ME;001;County i ME
800;V;US;MI;001;County i MI
800;V;US;MN;001;County i MN
800;V;US;NE;001;County i NE
800;V;US;NH;001;County i NH
800;V;US;NJ;001;County i NJ
800;V;US;NM;001;County i NM
800;V;US;NV;001;County i NV
800;V;US;NY;001;County i NY
800;V;US;OH;001;County i OH
800;V;US;OK;001;County i OK
800;V;US;OR;001;County i OR
800;V;US;PA;001;County i PA
800;V;US;PR;001;County i PR
800;V;US;RI;001;County i RI
800;V;US;SC;001;County i SC
800;V;US;SD;001;County i SD
800;V;US;TN;001;County i TN
800;V;US;TX;001;County i TX
800;2;US;AK;001;County in AK
800;2;US;AL;001;County in AL
800;2;US;AR;001;County in AR
800;2;US;AS;001;County in AS
800;2;US;AZ;001;County in AZ
800;2;US;CA;001;County in CA
800;2;US;CO;001;County in CO
800;2;US;CT;001;County in CT
800;2;US;DC;001;County in DC
800;2;US;DE;001;County in DE
800;2;US;FL;001;County in FL
800;2;US;GA;001;County in GA
800;2;US;GU;001;County in GU
800;2;US;HI;001;County in HI
800;2;US;IA;001;County in IA
800;2;US;ID;001;County in ID
800;2;US;IL;001;County in IL
800;2;US;IN;001;County in IN
800;2;US;KS;001;County in KS
800;2;US;KY;001;County in KY
800;2;US;LA;001;County in LA
800;2;US;MA;001;County in MA
800;2;US;MD;001;County in MD
800;2;US;ME;001;County in ME
800;2;US;MI;001;County in MI
800;2;US;MN;001;County in MN
800;2;US;MO;001;County in MO
800;2;US;MP;001;County in MP
800;2;US;MS;001;County in MS
800;2;US;MT;001;County in MT
800;2;US;NC;001;County in NC
800;2;US;ND;001;County in ND
800;2;US;NE;001;County in NE
800;2;US;NH;001;County in NH
800;2;US;NJ;001;County in NJ
800;2;US;NM;001;County in NM
800;2;US;NV;001;County in NV
800;2;US;NY;001;County in NY
800;2;US;OH;001;County in OH
800;2;US;OK;001;County in OK
800;2;US;OR;001;County in OR
800;2;US;PA;001;County in PA
800;2;US;PR;001;County in PR
800;2;US;RI;001;County in RI
800;2;US;SC;001;County in SC
800;2;US;SD;001;County in SD
800;2;US;TN;001;County in TN
800;2;US;TX;001;County in TX
800;2;US;UT;001;County in UT
800;2;US;VA;001;County in VA
800;2;US;VI;001;County in VI
800;2;US;VT;001;County in VT
800;2;US;WA;001;County in WA
800;2;US;WI;001;County in WI
800;2;US;WV;001;County in WV
800;2;US;WY;001;County in WY
800;F;US;AK;001;County in AK
800;F;US;AL;001;County in AL
800;F;US;AR;001;County in AR
800;F;US;AS;001;County in AS
800;F;US;AZ;001;County in AZ
800;F;US;CA;001;County in CA
800;F;US;CO;001;County in CO
800;F;US;CT;001;County in CT
800;F;US;DC;001;County in DC
800;F;US;DE;001;County in DE
800;F;US;FL;001;County in FL
800;F;US;GA;001;County in GA
800;F;US;GU;001;County in GU
800;F;US;HI;001;County in HI
800;F;US;IA;001;County in IA
800;F;US;ID;001;County in ID
800;F;US;IL;001;County in IL
800;F;US;IN;001;County in IN
800;F;US;KS;001;County in KS
800;F;US;KY;001;County in KY
800;F;US;LA;001;County in LA
800;F;US;MA;001;County in MA
800;F;US;MD;001;County in MD
800;F;US;ME;001;County in ME
800;F;US;MI;001;County in MI
800;F;US;MN;001;County in MN
800;F;US;MO;001;County in MO
800;F;US;MP;001;County in MP
800;F;US;MS;001;County in MS
800;F;US;MT;001;County in MT
800;F;US;NC;001;County in NC
800;F;US;ND;001;County in ND
800;F;US;NE;001;County in NE
800;F;US;NH;001;County in NH
800;F;US;NJ;001;County in NJ
800;F;US;NM;001;County in NM
