Mandt;Matnr;Spras;Maktx;Maktg
800;M-06;E;Flatscreen MS 1460 P;FLATSCREEN MS 1460 P
800;M-11;E;Flatscreen MS 1785P;FLATSCREEN MS 1785P
800;M-10;E;Flatscreen MS 1775P;FLATSCREEN MS 1775P
800;M-12;E;MAG DX 15FFe;MAG DX 15FFE
800;M-07;F;Ecran plat LE 64P;ECRAN PLAT LE 64P
800;M-13;E;MAG DX 17F;MAG DX 17F
800;P-102;E;Pump PRECISION 102;PUMP PRECISION 102
800;M-08;F;Ecran plat LE 1575P;ECRAN PLAT LE 1575P
800;1400-100;E;Deluxe Headlight;DELUXE HEADLIGHT
800;M-09;F;Ecran plat MS 1585;ECRAN PLAT MS 1585
800;P-100;E;Pump PRECISION 100;PUMP PRECISION 100
800;M-16;F;SEC Multisync XV 17;SEC MULTISYNC XV 17
800;P-103;E;Pump PRECISION 103;PUMP PRECISION 103
800;DPC1009;F;Clavier standard - modèle EURO;CLAVIER STANDARD - MODÈLE EURO
800;P-104;E;Pump PRECISION 104;PUMP PRECISION 104
800;DPC1011;F;Clavier professionnel - modèle PROFITEC;CLAVIER PROFESSIONNEL - MODÈLE PROFITEC
800;1400-200;E;Deluxe Taillight;DELUXE TAILLIGHT
800;1400-310;E;CrossFun  350 cm3;CROSSFUN  350 CM3
800;DPC1014;F;SIM-Modul M8M x 32 128MB  DDR-RAM;SIM-MODUL M8M X 32 128MB  DDR-RAM
800;1400-400;E;Motorcycle Helmet - Standard;MOTORCYCLE HELMET - STANDARD
800;DPC1015;F;SIM-Modul 256 MB 16M x 32 70 ns;SIM-MODUL 256 MB 16M X 32 70 NS
800;M-02;F;Sunny Xa1;SUNNY XA1
800;1400-750;E;Deluxe Gas Tank Striping Decals;DELUXE GAS TANK STRIPING DECALS
800;M-04;F;Sunny Extrem;SUNNY EXTREM
800;DPC1004;E;Harddisk 42.94 GB  SCSI-2-Fast;HARDDISK 42.94 GB  SCSI-2-FAST
800;M-05;F;Ecran plat LE 50 P;ECRAN PLAT LE 50 P
800;M-14;E;MAG PADX 175;MAG PADX 175
800;M-17;F;Jotachi SN4000;JOTACHI SN4000
800;M-15;E;SEC Multisync XV15;SEC MULTISYNC XV15
800;M-18;F;Jotachi SN4500;JOTACHI SN4500
800;R-1140;E;TFT Monitor 17;TFT MONITOR 17
800;M-19;F;Jotachi SN5000;JOTACHI SN5000
800;M-20;F;Jotachi SN 7000;JOTACHI SN 7000
800;1400-300;E;SunFun  1200 cm3;SUNFUN  1200 CM3
800;M-30;F;Gaufrettes vanille;GAUFRETTES VANILLE
800;DPC1005;E;Harddisk 21.13 GB   ATA-2;HARDDISK 21.13 GB   ATA-2
800;M-31;F;Liqueur de gingembre;LIQUEUR DE GINGEMBRE
800;M-03;E;Sunny Tetral3;SUNNY TETRAL3
800;M-07;E;Flatscreen LE 64P;FLATSCREEN LE 64P
800;M-32;F;Cookies aux flocons d'avoine;COOKIES AUX FLOCONS D'AVOINE
800;M-08;E;Flatscreen MS 1575P;FLATSCREEN MS 1575P
800;P-109;F;Pompe acier moulé IDESNORM 170-230;POMPE ACIER MOULÉ IDESNORM 170-230
800;M-09;E;Flatscreen MS 1585;FLATSCREEN MS 1585
800;R-1141;F;PAQ Moniteur 20 couleur;PAQ MONITEUR 20 COULEUR
800;DPC1009;E;Standard Keyboard - EURO Model;STANDARD KEYBOARD - EURO MODEL
800;DPC1002;F;Disque dur 10.80 Go  SCSI-2-Fast;DISQUE DUR 10.80 GO  SCSI-2-FAST
800;DPC1011;E;Professional keyboard - PROFITEC Model;PROFESSIONAL KEYBOARD - PROFITEC MODEL
800;DPC1016;F;Module SIM 8M x 36 70 ns;MODULE SIM 8M X 36 70 NS
800;M-01;E;Sunny Sunny 01;SUNNY SUNNY 01
800;DPC1017;F;Module SIM 4M x 36 70 ns;MODULE SIM 4M X 36 70 NS
800;M-30;E;Vanilla Wafers;VANILLA WAFERS
800;DPC1010;F;Clavier standard - modèle EURO spécial;CLAVIER STANDARD - MODÈLE EURO SPÉCIAL
800;M-32;E;Oatmeal Cookies;OATMEAL COOKIES
800;DPC1012;F;Clavier professionnel - modèle MAXITEC;CLAVIER PROFESSIONNEL - MODÈLE MAXITEC
800;R-1141;E;PAQ Monitor 20 Color;PAQ MONITOR 20 COLOR
800;DPC1013;F;Clavier professionnel - modèle NATURAL;CLAVIER PROFESSIONNEL - MODÈLE NATURAL
800;DPC1019;F;Processeur 700 MHz;PROCESSEUR 700 MHZ
800;DPC1020;F;Processeur 500 MHz;PROCESSEUR 500 MHZ
800;P-101;F;Pompe PRECISION 101;POMPE PRECISION 101
800;P-102;S;Bomba PRECISION 102;BOMBA PRECISION 102
800;P-402;F;Pompe standard IDESNORM 100-402;POMPE STANDARD IDESNORM 100-402
800;M-06;S;Pantalla plana MS 1460 P;PANTALLA PLANA MS 1460 P
800;P-100;S;Bomba PRECISION 100;BOMBA PRECISION 100
800;M-10;S;Pantalla plana MS 1775P;PANTALLA PLANA MS 1775P
800;P-103;S;Bomba PRECISION 103;BOMBA PRECISION 103
800;P-104;S;Bomba PRECISION 104;BOMBA PRECISION 104
800;M-11;S;Pantalla plana MS 1785P;PANTALLA PLANA MS 1785P
800;R-1140;S;Pantalla TFT 17;PANTALLA TFT 17
800;1400-100;S;Faro de lujo;FARO DE LUJO
800;1400-200;S;Luz trasera de lujo;LUZ TRASERA DE LUJO
800;1400-400;S;Casco de motociclista - Estándar;CASCO DE MOTOCICLISTA - ESTÁNDAR
800;1400-750;S;Tanque gasolina lujo - bandas decorativ.;TANQUE GASOLINA LUJO - BANDAS DECORATIV.
800;DPC1003;S;Disco duro 21.49 GB  SCSI-2-Fast;DISCO DURO 21.49 GB  SCSI-2-FAST
800;DPC1004;S;Disco duro 42.94 GB  SCSI-2-Fast;DISCO DURO 42.94 GB  SCSI-2-FAST
800;DPC1005;S;Disco duro 21.13 GB   ATA-2;DISCO DURO 21.13 GB   ATA-2
800;M-07;S;Pantalla plana LE 64P;PANTALLA PLANA LE 64P
800;M-08;S;Pantalla plana MS 1575P;PANTALLA PLANA MS 1575P
800;M-09;S;Pantalla plana MS 1585;PANTALLA PLANA MS 1585
800;DPC1009;S;Teclado estándar - Modelo EURO;TECLADO ESTÁNDAR - MODELO EURO
800;DPC1011;S;Teclado profesional - Modelo PROFITEC;TECLADO PROFESIONAL - MODELO PROFITEC
800;M-01;S;Sony Sunny 01;SONY SUNNY 01
800;M-02;S;Sunny Xa1;SUNNY XA1
800;M-04;S;Sunny Extrem;SUNNY EXTREM
800;M-05;S;Pantalla plana LE 50 P;PANTALLA PLANA LE 50 P
800;M-16;S;SEC Multisync XV 17;SEC MULTISYNC XV 17
800;M-17;S;Jotachi SN4000;JOTACHI SN4000
800;M-18;S;Jotachi SN4500;JOTACHI SN4500
800;M-19;S;Jotachi SN5000;JOTACHI SN5000
800;M-20;S;Jotachi SN 7000;JOTACHI SN 7000
800;DPC1012;E;Professional keyboard - MAXITEC Model;PROFESSIONAL KEYBOARD - MAXITEC MODEL
800;M-31;S;Licor jengibre;LICOR JENGIBRE
800;M-32;S;Galletas de avena;GALLETAS DE AVENA
800;DPC1013;E;Professional keyboard - NATURAL Model;PROFESSIONAL KEYBOARD - NATURAL MODEL
800;R-1141;S;Pantalla PAQ 20 color;PANTALLA PAQ 20 COLOR
800;DPC1019;E;Processor  700  MHz;PROCESSOR  700  MHZ
800;M-31;E;Ginger Snaps;GINGER SNAPS
800;DPC1002;S;Disco duro 10.80 GB  SCSI-2-Fast;DISCO DURO 10.80 GB  SCSI-2-FAST
800;DPC1010;E;Standard Keyboard - EURO-Special Model;STANDARD KEYBOARD - EURO SPECIAL MODEL
800;DPC1010;S;Teclado estándar - Modelo EURO-Special;TECLADO ESTÁNDAR - MODELO EURO-SPECIAL
800;M-02;E;Sunny Xa1;SUNNY XA1
800;DPC1012;S;Teclado profesional - Modelo MAXITEC;TECLADO PROFESIONAL - MODELO MAXITEC
800;M-04;E;Sunny Extreme;SUNNY EXTREME
800;DPC1013;S;Teclado profesional - Modelo NATURAL;TECLADO PROFESIONAL - MODELO NATURAL
800;DPC1014;E;SIM-Modul M8M x 32 128MB  DDR-RAM;SIM-MODUL M8M X 32 128MB  DDR-RAM
800;DPC1014;S;Módulo SIM 8M x 32 128 MB DDR-RAM;MÓDULO SIM 8M X 32 128 MB DDR-RAM
800;DPC1015;E;SIM-Modul 256 MB 16M x 32 70 ns;SIM-MODUL 256 MB 16M X 32 70 NS
800;DPC1016;E;SIM-Module 8M x 36 70 ns;SIM-MODULE 8M X 36 70 NS
800;DPC1015;S;Módulo SIM 256 MB 16M X 32 70 ns;MÓDULO SIM 256 MB 16M X 32 70 NS
800;DPC1017;E;SIM-Module 4M x 36 70 ns;SIM-MODULE 4M X 36 70 NS
800;DPC1016;S;Módulo SIM 8M x 36 70 ns;MÓDULO SIM 8M X 36 70 NS
800;M-16;E;SEC Multisync XV 17;SEC MULTISYNC XV 17
800;DPC1017;S;Módulo SIM 4M x 36 70 ns;MÓDULO SIM 4M X 36 70 NS
800;P-101;E;Pump PRECISION 101;PUMP PRECISION 101
800;M-30;S;Barquillos de vainilla;BARQUILLOS DE VAINILLA
800;P-109;E;Pump cast steel IDESNORM 170-230;PUMP CAST STEEL IDESNORM 170-230
800;P-101;S;Bomba PRECISION 101;BOMBA PRECISION 101
800;P-402;E;Pump standard IDESNORM 100-402;PUMP STANDARD IDESNORM 100-402
800;P-109;S;Bomba acero fundido IDESNORM 170-230;BOMBA ACERO FUNDIDO IDESNORM 170-230
800;DPC1020;E;3Processor  500 MHz;3PROCESSOR  500 MHZ
800;DPC1019;S;Procesador a 700 MHz;PROCESADOR A 700 MHZ
800;DPC1020;S;Procesador a 500 MHz;PROCESADOR A 500 MHZ
800;DPC1002;E;Harddisk 10.80 GB   SCSI-2-Fast;HARDDISK 10.80 GB   SCSI-2-FAST
800;P-102;P;Bomba PRECISION 102;BOMBA PRECISION 102
800;DPC1003;E;Harddisk 180 GB  SCSI-2-Fast;HARDDISK 180 GB  SCSI-2-FAST
800;M-17;E;Jotachi SN4000;JOTACHI SN4000
800;P-402;S;Bomba estándar IDESNORM 100-402;BOMBA ESTÁNDAR IDESNORM 100-402
800;M-18;E;Jotachi SN4500;JOTACHI SN4500
800;M-06;P;Tela plana MS 1460 P;TELA PLANA MS 1460 P
800;M-19;E;Jotachi SN5000;JOTACHI SN5000
800;P-100;P;Bomba PRECISION 100;BOMBA PRECISION 100
800;M-20;E;Jotachi SN 7000;JOTACHI SN 7000
800;M-10;P;Tela plana MS 1775P;TELA PLANA MS 1775P
800;M-05;E;Flatscreen LE 50 P;FLATSCREEN LE 50 P
800;P-103;P;Bomba PRECISION 103;BOMBA PRECISION 103
800;M-06;4;Flatscreen MS 1460 P;FLATSCREEN MS 1460 P
800;P-104;P;Bomba PRECISION 104;BOMBA PRECISION 104
800;M-06;5;Flatscreen MS 1460 P;FLATSCREEN MS 1460 P
800;M-11;P;Tela plana MS 1785P;TELA PLANA MS 1785P
800;M-06;6;Flatscreen MS 1460 P;FLATSCREEN MS 1460 P
800;M-01;P;Sunny Sunny 01;SUNNY SUNNY 01
800;R-1140;P;Monitor TFT 17;MONITOR TFT 17
800;M-06;D;Flatscreen MS 1460 P;FLATSCREEN MS 1460 P
800;1400-100;P;Farol de luxo;FAROL DE LUXO
800;M-06;G;Flatscreen MS 1460 P;FLATSCREEN MS 1460 P
800;M-06;W;Flatscreen MS 1460 P;FLATSCREEN MS 1460 P
800;1400-200;P;Farol traseiro de luxo;FAROL TRASEIRO DE LUXO
800;M-06;d;Flatscreen MS 1460 P;FLATSCREEN MS 1460 P
800;1400-400;P;Capacete de motociclista -standard;CAPACETE DE MOTOCICLISTA -STANDARD
800;M-12;4;MAG DX 15FFe;MAG DX 15FFE
800;M-12;5;MAG DX 15FFe;MAG DX 15FFE
800;1400-750;P;Tanque gasolina de luxo - fantasia;TANQUE GASOLINA DE LUXO - FANTASIA
800;M-12;6;MAG DX 15FFe;MAG DX 15FFE
800;M-12;D;MAG DX 15FFe;MAG DX 15FFE
800;DPC1003;P;Disco rígido 21.49 GB  SCSI-2-Fast;DISCO RÍGIDO 21.49 GB  SCSI-2-FAST
800;M-12;F;MAG DX 15FFe;MAG DX 15FFE
800;DPC1004;P;Disco rígido 42.94 GB  SCSI-2-Fast;DISCO RÍGIDO 42.94 GB  SCSI-2-FAST
800;M-12;G;MAG DX 15FFe;MAG DX 15FFE
800;M-12;J;MAG DX 15FFe;MAG DX 15FFE
800;DPC1005;P;Disco rígido 21.13 GB   ATA-2;DISCO RÍGIDO 21.13 GB   ATA-2
800;M-12;P;MAG DX 15FFe;MAG DX 15FFE
800;M-07;P;Tela plana LE 64P;TELA PLANA LE 64P
800;M-12;R;MAG DX 15FFe;MAG DX 15FFE
800;M-08;P;Tela plana MS 1575P;TELA PLANA MS 1575P
800;M-12;S;MAG DX 15FFe;MAG DX 15FFE
800;M-09;P;Tela plana MS 1585;TELA PLANA MS 1585
800;M-12;W;MAG DX 15FFe;MAG DX 15FFE
800;M-16;P;SEC Multisync XV 17;SEC MULTISYNC XV 17
800;M-12;d;MAG DX 15FFe;MAG DX 15FFE
800;DPC1009;P;Teclado standard - modelo EURO;TECLADO STANDARD - MODELO EURO
800;M-13;4;MAG DX 17F;MAG DX 17F
800;M-13;5;MAG DX 17F;MAG DX 17F
800;DPC1011;P;Teclado profissional - modelo PROFITEC;TECLADO PROFISSIONAL - MODELO PROFITEC
800;M-13;6;MAG DX 17F;MAG DX 17F
800;DPC1014;P;Módulo SIM 8M x 32 128 MB DDR-RAM;MÓDULO SIM 8M X 32 128 MB DDR-RAM
800;M-13;D;MAG DX 17F;MAG DX 17F
800;M-13;F;MAG DX 17F;MAG DX 17F
800;DPC1015;P;Módulo SIM 256 MB 16M X 32 70 ns;MÓDULO SIM 256 MB 16M X 32 70 NS
800;M-13;G;MAG DX 17F;MAG DX 17F
800;DPC1016;P;Módulo SIM 8M x 36 70 ns;MÓDULO SIM 8M X 36 70 NS
800;M-13;J;MAG DX 17F;MAG DX 17F
800;DPC1017;P;Módulo SIM 4M x 36 70 ns;MÓDULO SIM 4M X 36 70 NS
800;M-13;P;MAG DX 17F;MAG DX 17F
800;M-02;P;Sunny Xa1;SUNNY XA1
800;M-13;R;MAG DX 17F;MAG DX 17F
800;M-04;P;Sunny Extrem;SUNNY EXTREM
800;M-13;S;MAG DX 17F;MAG DX 17F
800;M-05;P;Tela plana LE 50 P;TELA PLANA LE 50 P
800;M-13;W;MAG DX 17F;MAG DX 17F
800;M-17;P;Jotachi SN4000;JOTACHI SN4000
800;M-13;d;MAG DX 17F;MAG DX 17F
800;M-18;P;Jotachi SN4500;JOTACHI SN4500
800;M-11;4;Flatscreen MS 1785P;FLATSCREEN MS 1785P
800;M-19;P;Jotachi SN5000;JOTACHI SN5000
800;M-11;5;Flatscreen MS 1785P;FLATSCREEN MS 1785P
800;M-20;P;Jotachi SN 7000;JOTACHI SN 7000
800;M-11;6;Flatscreen MS 1785P;FLATSCREEN MS 1785P
800;M-30;P;Bolachas de baunilha;BOLACHAS DE BAUNILHA
800;M-11;D;Flatscreen MS 1785P;FLATSCREEN MS 1785P
800;M-31;P;Licor de gengibre;LICOR DE GENGIBRE
800;M-11;G;Flatscreen MS 1785P;FLATSCREEN MS 1785P
800;M-32;P;Bolachas de aveia;BOLACHAS DE AVEIA
800;M-11;W;Flatscreen MS 1785P;FLATSCREEN MS 1785P
800;P-109;P;Bomba aço fundido IDESNORM 170-230;BOMBA AÇO FUNDIDO IDESNORM 170-230
800;M-11;d;Flatscreen MS 1785P;FLATSCREEN MS 1785P
800;R-1141;P;Monitor PAQ 20 a cores;MONITOR PAQ 20 A CORES
800;M-10;4;Flatscreen MS 1775P;FLATSCREEN MS 1775P
800;M-10;5;Flatscreen MS 1775P;FLATSCREEN MS 1775P
800;DPC1002;P;Disco rígido 1080 GB  SCSI-2-Fast;DISCO RÍGIDO 1080 GB  SCSI-2-FAST
800;M-10;6;Flatscreen MS 1775P;FLATSCREEN MS 1775P
800;DPC1010;P;Teclado standard - modelo EURO especial;TECLADO STANDARD - MODELO EURO ESPECIAL
800;M-10;D;Flatscreen MS 1775P;FLATSCREEN MS 1775P
800;DPC1012;P;Teclado profissional - modelo MAXITEC;TECLADO PROFISSIONAL - MODELO MAXITEC
800;M-10;G;Flatscreen MS 1775P;FLATSCREEN MS 1775P
800;DPC1013;P;Teclado profissional - modelo NATURAL;TECLADO PROFISSIONAL - MODELO NATURAL
800;M-10;W;Flatscreen MS 1775P;FLATSCREEN MS 1775P
800;P-101;P;Bomba PRECISION 101;BOMBA PRECISION 101
800;M-10;d;Flatscreen MS 1775P;FLATSCREEN MS 1775P
800;P-402;P;Bomba standard IDESNORM 100-402;BOMBA STANDARD IDESNORM 100-402
800;M-15;4;SEC Multisync XV15;SEC MULTISYNC XV15
800;DPC1019;P;Processador 700 MHz;PROCESSADOR 700 MHZ
800;M-15;5;SEC Multisync XV15;SEC MULTISYNC XV15
800;DPC1020;P;Processador  500 MHz;PROCESSADOR  500 MHZ
800;M-15;6;SEC Multisync XV15;SEC MULTISYNC XV15
800;M-06;R;??????? ????? MS 1460 P;??????? ????? MS 1460 P
800;M-15;D;SEC Multisync XV15;SEC MULTISYNC XV15
800;M-10;R;??????? ????? MS 1775P;??????? ????? MS 1775P
800;M-15;F;SEC Multisync XV15;SEC MULTISYNC XV15
800;M-11;R;??????? ????? MS 1785P;??????? ????? MS 1785P
800;M-15;G;SEC Multisync XV15;SEC MULTISYNC XV15
800;1400-310;R;CrossFun350 c?3;CROSSFUN350 CM3
800;M-15;J;SEC Multisync XV15;SEC MULTISYNC XV15
800;M-01;R;Sunny Sunny 01;SUNNY SUNNY 01
800;M-15;P;SEC Multisync XV15;SEC MULTISYNC XV15
800;1400-100;R;???? ????;???? ????
800;M-15;R;SEC Multisync XV15;SEC MULTISYNC XV15
800;1400-300;R;SunFun1200 c?3;SUNFUN1200 CM3
800;M-15;S;SEC Multisync XV15;SEC MULTISYNC XV15
800;M-07;R;??????? ????? LE 64P;??????? ????? LE 64P
800;M-15;W;SEC Multisync XV15;SEC MULTISYNC XV15
800;M-08;R;??????? ????? MS 1575P;??????? ????? MS 1575P
800;M-15;d;SEC Multisync XV15;SEC MULTISYNC XV15
800;M-09;R;??????? ????? MS 1585;??????? ????? MS 1585
800;P-102;4;Pump PRECISION 102;PUMP PRECISION 102
800;1400-200;R;?????? ???? ????;?????? ???? ????
800;P-102;5;Pump PRECISION 102;PUMP PRECISION 102
800;1400-400;R;???? - ????????;???? - ????????
800;P-102;6;Pump PRECISION 102;PUMP PRECISION 102
800;P-102;G;Pump PRECISION 102;PUMP PRECISION 102
800;1400-750;R;???????? ???? - ???????????? ??????;???????? ???? - ???????????? ??????
800;P-102;W;Pump PRECISION 102;PUMP PRECISION 102
800;P-102;d;Pump PRECISION 102;PUMP PRECISION 102
800;DPC1003;R;??????? ???? 21.49 GB  SCSI-2-Fast;??????? ???? 21.49 GB  SCSI-2-FAST
800;M-03;4;Sunny Tetral3;SUNNY TETRAL3
800;DPC1004;R;??????? ???? 42.94 GB  SCSI-2-Fast;??????? ???? 42.94 GB  SCSI-2-FAST
800;M-03;5;Sunny Tetral3;SUNNY TETRAL3
800;M-03;6;Sunny Tetral3;SUNNY TETRAL3
800;DPC1005;R;??????? ???? 21.13 GB   ATA-2;??????? ???? 21.13 GB   ATA-2
800;M-03;D;Sunny Tetral3;SUNNY TETRAL3
800;M-02;R;Sunny Xa1;SUNNY XA1
800;M-04;R;Sunny Extrem;SUNNY EXTREM
800;M-03;F;Sunny Tetral3;SUNNY TETRAL3
800;M-03;G;Sunny Tetral3;SUNNY TETRAL3
800;M-16;R;SEC Multisync XV 17;SEC MULTISYNC XV 17
800;M-17;R;Jotachi SN4000;JOTACHI SN4000
800;M-03;P;Sunny Tetral3;SUNNY TETRAL3
800;M-18;R;Jotachi SN4500;JOTACHI SN4500
800;M-03;R;Sunny Tetral3;SUNNY TETRAL3
800;M-19;R;Jotachi SN5000;JOTACHI SN5000
800;M-03;S;Sunny Tetral3;SUNNY TETRAL3
800;M-20;R;Jotachi SN 7000;JOTACHI SN 7000
800;M-03;W;Sunny Tetral3;SUNNY TETRAL3
800;M-03;d;Sunny Tetral3;SUNNY TETRAL3
800;P-100;R;????? ????? ????? IDESNORM 100-200;????? ????? ????? IDESNORM 100-200
800;M-14;4;MAG PADX 175;MAG PADX 175
800;M-14;5;MAG PADX 175;MAG PADX 175
800;P-102;R;????? ????????.?????? IDESNORM 150-200;????? ????????.?????? IDESNORM 150-200
800;M-14;6;MAG PADX 175;MAG PADX 175
800;M-14;D;MAG PADX 175;MAG PADX 175
800;DPC1009;R;??????????? ?????????? - ?????? EURO;?????. ?????????? ?????? EURO
800;M-14;F;MAG PADX 175;MAG PADX 175
800;DPC1011;R;????. ?????????? - ?????? PROFITEC;????. ?????????? ?????? PROFITEC
800;M-14;G;MAG PADX 175;MAG PADX 175
800;M-14;J;MAG PADX 175;MAG PADX 175
800;DPC1017;R;SIM-?????? 4M x 36 70 ns;SIM-MODUL 4M X 36 70 NS
800;M-14;P;MAG PADX 175;MAG PADX 175
800;M-05;R;??????? ????? LE 50 P;??????? ????? LE 50 P
800;M-14;R;MAG PADX 175;MAG PADX 175
800;M-30;R;????????? ?????;????????? ?????
800;M-14;S;MAG PADX 175;MAG PADX 175
800;M-14;W;MAG PADX 175;MAG PADX 175
800;M-31;R;???????? ?????;???????? ?????
800;M-14;d;MAG PADX 175;MAG PADX 175
800;M-32;R;??????? ???????;??????? ???????
800;1400-310;4;CrossFun  350 cm3;CROSSFUN  350 CM3
800;P-103;R;????? ???????. ????? IDESNORM 150-200;????? ???????. ????? IDESNORM 150-200
800;1400-310;5;CrossFun  350 cm3;CROSSFUN  350 CM3
800;P-104;R;????? CR IDESNORM 150-200 ATO;????? CR IDESNORM 150-200 ATO
800;1400-310;6;CrossFun  350 cm3;CROSSFUN  350 CM3
800;1400-310;D;CrossFun  350 cm3;CROSSFUN  350 CM3
800;P-109;R;????? ???????? ????? IDESNORM 170-230;????? ???????? ????? IDESNORM 170-230
800;1400-310;G;CrossFun  350 cm3;CROSSFUN  350 CM3
800;P-402;R;????? ??????????? IDESNORM 100-402;????? ??????????? IDESNORM 100-402
800;1400-310;P;CrossFun  350 cm3;CROSSFUN  350 CM3
800;1400-310;S;CrossFun  350 cm3;CROSSFUN  350 CM3
800;R-1140;R;??????? PAQ 17 ???????;??????? PAQ 17 ???????
800;1400-310;W;CrossFun  350 cm3;CROSSFUN  350 CM3
800;R-1141;R;??????? PAQ 20 ???????;??????? PAQ 20 ???????
800;1400-310;d;CrossFun  350 cm3;CROSSFUN  350 CM3
800;1400-300;4;SunFun  1200 cm3;SUNFUN  1200 CM3
800;DPC1002;R;??????? ???? 10.80 GB  SCSI-2-Fast;??????? ???? 10.80 GB  SCSI-2-FAST
800;1400-300;5;SunFun  1200 cm3;SUNFUN  1200 CM3
800;DPC1010;R;?????. ?????????? - ?????? EURO-Special;?????. ?????????? ?????? EURO-SPECIAL
800;1400-300;6;SunFun  1200 cm3;SUNFUN  1200 CM3
800;1400-300;D;SunFun  1200 cm3;SUNFUN  1200 CM3
800;DPC1012;R;????. ?????????? - ?????? MAXITEC;????. ?????????? ?????? MAXITEC
800;1400-300;G;SunFun  1200 cm3;SUNFUN  1200 CM3
800;DPC1013;R;????. ?????????? - ?????? NATURAL;????. ?????????? ?????? NATURAL
800;1400-300;P;SunFun  1200 cm3;SUNFUN  1200 CM3
800;1400-300;S;SunFun  1200 cm3;SUNFUN  1200 CM3
800;DPC1014;R;SIM-?????? 8M x 32  DDR-RAM;SIM-?????? 8M X 32  DDR-RAM
800;1400-300;W;SunFun  1200 cm3;SUNFUN  1200 CM3
800;DPC1015;R;SIM-?????? 256 MB 16M x 32 70 ns;SIM-?????? 256 MB 16M X 32 70 NS
800;1400-300;d;SunFun  1200 cm3;SUNFUN  1200 CM3
800;DPC1016;R;SIM-?????? 8M x 36 70 ns;SIM-?????? 8M X 36 70 NS
800;P-100;4;Pump PRECISION 100;PUMP PRECISION 100
800;DPC1019;R;????????? 166 MHz;????????? 166 MHZ
800;P-100;5;Pump PRECISION 100;PUMP PRECISION 100
800;P-100;6;Pump PRECISION 100;PUMP PRECISION 100
800;DPC1020;R;????????? 100 MHz;????????? 100 MHZ
800;P-100;G;Pump PRECISION 100;PUMP PRECISION 100
800;P-101;R;????? ???????? ????? IDESNORM 150-200;????? ???????? ????? IDESNORM 150-200
800;P-100;W;Pump PRECISION 100;PUMP PRECISION 100
800;DPC1009;5;Standard Keyboard - EURO Model;STANDARD KEYBOARD - EURO MODEL
800;P-100;d;Pump PRECISION 100;PUMP PRECISION 100
800;M-01;5;Sunny Sunny 01;SUNNY SUNNY 01
800;M-07;4;Flatscreen LE 64P;FLATSCREEN LE 64P
800;M-16;5;SEC Multisync XV 17;SEC MULTISYNC XV 17
800;M-07;5;Flatscreen LE 64P;FLATSCREEN LE 64P
800;M-30;5;Vanilla Wafers;VANILLA WAFERS
800;M-07;6;Flatscreen LE 64P;FLATSCREEN LE 64P
800;M-32;5;Oatmeal Cookies;OATMEAL COOKIES
800;M-07;D;Flatscreen LE 64P;FLATSCREEN LE 64P
800;R-1141;5;PAQ Monitor 20 Color;PAQ MONITOR 20 COLOR
800;M-07;G;Flatscreen LE 64P;FLATSCREEN LE 64P
800;DPC1011;5;Professional keyboard - PROFITEC Model;PROFESSIONAL KEYBOARD - PROFITEC MODEL
800;M-07;W;Flatscreen LE 64P;FLATSCREEN LE 64P
800;M-07;d;Flatscreen LE 64P;FLATSCREEN LE 64P
800;DPC1014;5;SIM-Modul M8M x 32 128MB  DDR-RAM;SIM-MODUL M8M X 32 128MB  DDR-RAM
800;M-08;4;Flatscreen MS 1575P;FLATSCREEN MS 1575P
800;DPC1015;5;SIM-Modul 256 MB 16M x 32 70 ns;SIM-MODUL 256 MB 16M X 32 70 NS
800;M-08;5;Flatscreen MS 1575P;FLATSCREEN MS 1575P
800;M-02;5;Sunny Xa1;SUNNY XA1
800;M-08;6;Flatscreen MS 1575P;FLATSCREEN MS 1575P
800;M-05;5;Flatscreen LE 50 P;FLATSCREEN LE 50 P
800;M-17;5;Jotachi SN4000;JOTACHI SN4000
800;M-08;D;Flatscreen MS 1575P;FLATSCREEN MS 1575P
800;M-18;5;Jotachi SN4500;JOTACHI SN4500
800;M-08;G;Flatscreen MS 1575P;FLATSCREEN MS 1575P
800;M-19;5;Jotachi SN5000;JOTACHI SN5000
800;M-08;W;Flatscreen MS 1575P;FLATSCREEN MS 1575P
800;M-20;5;Jotachi SN 7000;JOTACHI SN 7000
800;M-08;d;Flatscreen MS 1575P;FLATSCREEN MS 1575P
800;M-31;5;Ginger Snaps;GINGER SNAPS
800;M-09;4;Flatscreen MS 1585;FLATSCREEN MS 1585
800;DPC1002;5;Harddisk 10.80 GB   SCSI-2-Fast;HARDDISK 10.80 GB   SCSI-2-FAST
800;M-09;5;Flatscreen MS 1585;FLATSCREEN MS 1585
800;M-09;6;Flatscreen MS 1585;FLATSCREEN MS 1585
800;DPC1003;5;Harddisk 180 GB  SCSI-2-Fast;HARDDISK 180 GB  SCSI-2-FAST
800;M-09;D;Flatscreen MS 1585;FLATSCREEN MS 1585
800;DPC1016;5;SIM-Module 8M x 36 70 ns;SIM-MODULE 8M X 36 70 NS
800;M-09;G;Flatscreen MS 1585;FLATSCREEN MS 1585
800;DPC1017;5;SIM-Module 4M x 36 70 ns;SIM-MODULE 4M X 36 70 NS
800;M-09;W;Flatscreen MS 1585;FLATSCREEN MS 1585
800;DPC1010;5;Standard Keyboard - EURO-Special Model;STANDARD KEYBOARD - EURO SPECIAL MODEL
800;M-09;d;Flatscreen MS 1585;FLATSCREEN MS 1585
800;DPC1020;5;3Processor  500 MHz;3PROCESSOR  500 MHZ
800;1400-100;4;Deluxe Headlight;DELUXE HEADLIGHT
800;M-04;5;Sunny Extreme;SUNNY EXTREME
800;1400-100;5;Deluxe Headlight;DELUXE HEADLIGHT
800;1400-100;6;Deluxe Headlight;DELUXE HEADLIGHT
800;DPC1012;5;Professional keyboard - MAXITEC Model;PROFESSIONAL KEYBOARD - MAXITEC MODEL
800;1400-100;G;Deluxe Headlight;DELUXE HEADLIGHT
800;DPC1013;5;Professional keyboard - NATURAL Model;PROFESSIONAL KEYBOARD - NATURAL MODEL
800;1400-100;W;Deluxe Headlight;DELUXE HEADLIGHT
800;DPC1019;5;Processor  700  MHz;PROCESSOR  700  MHZ
800;1400-100;d;Deluxe Headlight;DELUXE HEADLIGHT
800;P-101;5;Pump PRECISION 101;PUMP PRECISION 101
800;P-103;4;Pump PRECISION 103;PUMP PRECISION 103
800;P-109;5;Pump cast steel IDESNORM 170-230;PUMP CAST STEEL IDESNORM 170-230
800;P-103;5;Pump PRECISION 103;PUMP PRECISION 103
800;P-402;5;Pump standard IDESNORM 100-402;PUMP STANDARD IDESNORM 100-402
800;P-103;6;Pump PRECISION 103;PUMP PRECISION 103
800;DPC1009;4;Standard Keyboard - EURO Model;STANDARD KEYBOARD - EURO MODEL
800;P-103;G;Pump PRECISION 103;PUMP PRECISION 103
800;DPC1011;4;Professional keyboard - PROFITEC Model;PROFESSIONAL KEYBOARD - PROFITEC MODEL
800;P-103;W;Pump PRECISION 103;PUMP PRECISION 103
800;M-01;4;Sunny Sunny 01;SUNNY SUNNY 01
800;P-103;d;Pump PRECISION 103;PUMP PRECISION 103
800;P-104;4;Pump PRECISION 104;PUMP PRECISION 104
800;M-16;4;SEC Multisync XV 17;SEC MULTISYNC XV 17
800;P-104;5;Pump PRECISION 104;PUMP PRECISION 104
800;M-30;4;Vanilla Wafers;VANILLA WAFERS
800;M-32;4;Oatmeal Cookies;OATMEAL COOKIES
800;P-104;6;Pump PRECISION 104;PUMP PRECISION 104
800;R-1141;4;PAQ Monitor 20 Color;PAQ MONITOR 20 COLOR
800;P-104;G;Pump PRECISION 104;PUMP PRECISION 104
800;DPC1014;4;SIM-Modul M8M x 32 128MB  DDR-RAM;SIM-MODUL M8M X 32 128MB  DDR-RAM
800;P-104;W;Pump PRECISION 104;PUMP PRECISION 104
800;P-104;d;Pump PRECISION 104;PUMP PRECISION 104
800;DPC1015;4;SIM-Modul 256 MB 16M x 32 70 ns;SIM-MODUL 256 MB 16M X 32 70 NS
800;M-02;4;Sunny Xa1;SUNNY XA1
800;R-1140;4;TFT Monitor 17;TFT MONITOR 17
800;M-05;4;Flatscreen LE 50 P;FLATSCREEN LE 50 P
800;R-1140;5;TFT Monitor 17;TFT MONITOR 17
800;M-17;4;Jotachi SN4000;JOTACHI SN4000
800;R-1140;6;TFT Monitor 17;TFT MONITOR 17
800;M-18;4;Jotachi SN4500;JOTACHI SN4500
800;R-1140;G;TFT Monitor 17;TFT MONITOR 17
800;M-19;4;Jotachi SN5000;JOTACHI SN5000
800;R-1140;W;TFT Monitor 17;TFT MONITOR 17
800;M-20;4;Jotachi SN 7000;JOTACHI SN 7000
800;R-1140;d;TFT Monitor 17;TFT MONITOR 17
800;M-31;4;Ginger Snaps;GINGER SNAPS
800;DPC1004;4;Harddisk 42.94 GB  SCSI-2-Fast;HARDDISK 42.94 GB  SCSI-2-FAST
800;DPC1002;4;Harddisk 10.80 GB   SCSI-2-Fast;HARDDISK 10.80 GB   SCSI-2-FAST
800;DPC1004;5;Harddisk 42.94 GB  SCSI-2-Fast;HARDDISK 42.94 GB  SCSI-2-FAST
800;DPC1003;4;Harddisk 180 GB  SCSI-2-Fast;HARDDISK 180 GB  SCSI-2-FAST
800;DPC1004;6;Harddisk 42.94 GB  SCSI-2-Fast;HARDDISK 42.94 GB  SCSI-2-FAST
800;DPC1010;4;Standard Keyboard - EURO-Special Model;STANDARD KEYBOARD - EURO SPECIAL MODEL
800;DPC1004;G;Harddisk 42.94 GB  SCSI-2-Fast;HARDDISK 42.94 GB  SCSI-2-FAST
800;DPC1016;4;SIM-Module 8M x 36 70 ns;SIM-MODULE 8M X 36 70 NS
800;DPC1004;W;Harddisk 42.94 GB  SCSI-2-Fast;HARDDISK 42.94 GB  SCSI-2-FAST
800;DPC1017;4;SIM-Module 4M x 36 70 ns;SIM-MODULE 4M X 36 70 NS
800;DPC1004;d;Harddisk 42.94 GB  SCSI-2-Fast;HARDDISK 42.94 GB  SCSI-2-FAST
800;DPC1012;4;Professional keyboard - MAXITEC Model;PROFESSIONAL KEYBOARD - MAXITEC MODEL
800;DPC1005;4;Harddisk 21.13 GB   ATA-2;HARDDISK 21.13 GB   ATA-2
800;DPC1013;4;Professional keyboard - NATURAL Model;PROFESSIONAL KEYBOARD - NATURAL MODEL
800;DPC1020;4;3Processor  500 MHz;3PROCESSOR  500 MHZ
800;DPC1005;5;Harddisk 21.13 GB   ATA-2;HARDDISK 21.13 GB   ATA-2
800;M-04;4;Sunny Extreme;SUNNY EXTREME
800;DPC1005;6;Harddisk 21.13 GB   ATA-2;HARDDISK 21.13 GB   ATA-2
800;DPC1019;4;Processor  700  MHz;PROCESSOR  700  MHZ
800;DPC1005;G;Harddisk 21.13 GB   ATA-2;HARDDISK 21.13 GB   ATA-2
800;M-01;G;Sunny Sunny 01;SUNNY SUNNY 01
800;P-101;4;Pump PRECISION 101;PUMP PRECISION 101
800;DPC1005;W;Harddisk 21.13 GB   ATA-2;HARDDISK 21.13 GB   ATA-2
800;P-109;4;Pump cast steel IDESNORM 170-230;PUMP CAST STEEL IDESNORM 170-230
800;DPC1005;d;Harddisk 21.13 GB   ATA-2;HARDDISK 21.13 GB   ATA-2
800;P-402;4;Pump standard IDESNORM 100-402;PUMP STANDARD IDESNORM 100-402
800;1400-200;4;Deluxe Taillight;DELUXE TAILLIGHT
800;1400-200;5;Deluxe Taillight;DELUXE TAILLIGHT
800;DPC1009;G;Standard Keyboard - EURO Model;STANDARD KEYBOARD - EURO MODEL
800;1400-200;6;Deluxe Taillight;DELUXE TAILLIGHT
800;DPC1011;G;Professional keyboard - PROFITEC Model;PROFESSIONAL KEYBOARD - PROFITEC MODEL
800;1400-200;G;Deluxe Taillight;DELUXE TAILLIGHT
800;M-16;G;SEC Multisync XV 17;SEC MULTISYNC XV 17
800;1400-200;W;Deluxe Taillight;DELUXE TAILLIGHT
800;1400-200;d;Deluxe Taillight;DELUXE TAILLIGHT
800;M-30;G;Vanilla Wafers;VANILLA WAFERS
800;1400-400;4;Motorcycle Helmet - Standard;MOTORCYCLE HELMET - STANDARD
800;M-32;G;Oatmeal Cookies;OATMEAL COOKIES
800;1400-400;5;Motorcycle Helmet - Standard;MOTORCYCLE HELMET - STANDARD
800;R-1141;G;PAQ Monitor 20 Color;PAQ MONITOR 20 COLOR
800;1400-400;6;Motorcycle Helmet - Standard;MOTORCYCLE HELMET - STANDARD
800;DPC1014;G;SIM-Modul M8M x 32 128MB  DDR-RAM;SIM-MODUL M8M X 32 128MB  DDR-RAM
800;1400-400;G;Motorcycle Helmet - Standard;MOTORCYCLE HELMET - STANDARD
800;DPC1015;G;SIM-Modul 256 MB 16M x 32 70 ns;SIM-MODUL 256 MB 16M X 32 70 NS
800;1400-400;W;Motorcycle Helmet - Standard;MOTORCYCLE HELMET - STANDARD
800;M-02;G;Sunny Xa1;SUNNY XA1
800;1400-400;d;Motorcycle Helmet - Standard;MOTORCYCLE HELMET - STANDARD
800;M-05;G;Flatscreen LE 50 P;FLATSCREEN LE 50 P
800;1400-750;4;Deluxe Gas Tank Striping Decals;DELUXE GAS TANK STRIPING DECALS
800;M-17;G;Jotachi SN4000;JOTACHI SN4000
800;1400-750;5;Deluxe Gas Tank Striping Decals;DELUXE GAS TANK STRIPING DECALS
800;M-18;G;Jotachi SN4500;JOTACHI SN4500
800;M-19;G;Jotachi SN5000;JOTACHI SN5000
800;1400-750;6;Deluxe Gas Tank Striping Decals;DELUXE GAS TANK STRIPING DECALS
800;M-20;G;Jotachi SN 7000;JOTACHI SN 7000
800;1400-750;G;Deluxe Gas Tank Striping Decals;DELUXE GAS TANK STRIPING DECALS
800;M-31;G;Ginger Snaps;GINGER SNAPS
800;1400-750;W;Deluxe Gas Tank Striping Decals;DELUXE GAS TANK STRIPING DECALS
800;DPC1002;G;Harddisk 10.80 GB   SCSI-2-Fast;HARDDISK 10.80 GB   SCSI-2-FAST
800;1400-750;d;Deluxe Gas Tank Striping Decals;DELUXE GAS TANK STRIPING DECALS
800;DPC1003;G;Harddisk 180 GB  SCSI-2-Fast;HARDDISK 180 GB  SCSI-2-FAST
800;M-01;D;Sunny Sunny 01;SUNNY SUNNY 01
800;P-100;D;Pumpe;PUMPE
800;DPC1010;G;Standard Keyboard - EURO-Special Model;STANDARD KEYBOARD - EURO SPECIAL MODEL
800;P-102;D;Pumpe PRECISION 102;PUMPE PRECISION 102
800;DPC1016;G;SIM-Module 8M x 36 70 ns;SIM-MODULE 8M X 36 70 NS
800;P-103;D;Pumpe PRECISION 103;PUMPE PRECISION 103
800;DPC1017;G;SIM-Module 4M x 36 70 ns;SIM-MODULE 4M X 36 70 NS
800;P-104;D;Pumpe PRECISION 104;PUMPE PRECISION 104
800;1400-100;D;Scheinwerfer Deluxe;SCHEINWERFER DELUXE
800;DPC1012;G;Professional keyboard - MAXITEC Model;PROFESSIONAL KEYBOARD - MAXITEC MODEL
800;1400-200;D;Rücklicht Deluxe;RÜCKLICHT DELUXE
800;DPC1013;G;Professional keyboard - NATURAL Model;PROFESSIONAL KEYBOARD - NATURAL MODEL
800;1400-400;D;Motorradhelm - Standard;MOTORRADHELM - STANDARD
800;DPC1019;G;Processor  700  MHz;PROCESSOR  700  MHZ
800;1400-750;D;Benzintank Deluxe-Zierstreifen;BENZINTANK DELUXE-ZIERSTREIFEN
800;DPC1020;G;3Processor  500 MHz;3PROCESSOR  500 MHZ
800;M-04;G;Sunny Extreme;SUNNY EXTREME
800;DPC1003;D;Festplatte 21.49 GB  SCSI-2-Fast;FESTPLATTE 21.49 GB  SCSI-2-FAST
800;M-01;W;Sunny Sunny 01;SUNNY SUNNY 01
800;DPC1004;D;Festplatte 42.94 GB  SCSI-2-Fast;FESTPLATTE 42.94 GB  SCSI-2-FAST
800;P-101;G;Pump PRECISION 101;PUMP PRECISION 101
800;DPC1005;D;Festplatte 21.13 GB   ATA-2;FESTPLATTE 21.13 GB   ATA-2
800;P-109;G;Pump cast steel IDESNORM 170-230;PUMP CAST STEEL IDESNORM 170-230
800;DPC1014;D;SIM-Modul M8M x 32 128MB  DDR-RAM;SIM-MODUL M8M X 32 128MB  DDR-RAM
800;P-402;G;Pump standard IDESNORM 100-402;PUMP STANDARD IDESNORM 100-402
800;DPC1015;D;SIM-Modul 256 MB 16M x 32 70 ns;SIM-MODUL 256 MB 16M X 32 70 NS
800;M-02;D;Sunny Xa1;SUNNY XA1
800;DPC1009;W;Standard Keyboard - EURO Model;STANDARD KEYBOARD - EURO MODEL
800;M-05;D;Flatscreen LE 50 P;FLATSCREEN LE 50 P
800;DPC1011;W;Professional keyboard - PROFITEC Model;PROFESSIONAL KEYBOARD - PROFITEC MODEL
800;M-16;D;SEC Multisync XV 17;SEC MULTISYNC XV 17
800;M-16;W;SEC Multisync XV 17;SEC MULTISYNC XV 17
800;M-17;D;Jotachi SN4000;JOTACHI SN4000
800;M-18;D;Jotachi SN4500;JOTACHI SN4500
800;M-20;W;Jotachi SN 7000;JOTACHI SN 7000
800;M-19;D;Jotachi SN5000;JOTACHI SN5000
800;M-30;W;Vanilla Wafers;VANILLA WAFERS
800;M-20;D;Jotachi SN 7000;JOTACHI SN 7000
800;M-32;W;Oatmeal Cookies;OATMEAL COOKIES
800;M-32;D;Oatmeal Cookies;OATMEAL COOKIES
800;R-1141;W;PAQ Monitor 20 Color;PAQ MONITOR 20 COLOR
800;DPC1009;D;Tastatur Standard - Modell EURO;TASTATUR STANDARD - MODELL EURO
800;DPC1014;W;SIM-Modul M8M x 32 128MB  DDR-RAM;SIM-MODUL M8M X 32 128MB  DDR-RAM
800;DPC1011;D;Tastatur Professional - Modell PROFITEC;TASTATUR PROFESSIONAL - MODELL PROFITEC
800;DPC1015;W;SIM-Modul 256 MB 16M x 32 70 ns;SIM-MODUL 256 MB 16M X 32 70 NS
800;DPC1017;D;SIM-Modul 4M x 36 70 ns;SIM-MODUL 4M X 36 70 NS
800;M-02;W;Sunny Xa1;SUNNY XA1
800;M-04;D;Sunny Extrem;SUNNY EXTREM
800;M-05;W;Flatscreen LE 50 P;FLATSCREEN LE 50 P
800;M-30;D;Vanille Waffeln;VANILLE WAFFELN
800;M-17;W;Jotachi SN4000;JOTACHI SN4000
800;M-31;D;Ginger Schnaps;GINGER SCHNAPS
800;M-18;W;Jotachi SN4500;JOTACHI SN4500
800;P-109;D;Pumpe Stahlguss IDESNORM 170-230;PUMPE STAHLGUSS IDESNORM 170-230
800;R-1141;D;PAQ Bildschirm 20 Farbe;PAQ BILDSCHIRM 20 FARBE
800;M-19;W;Jotachi SN5000;JOTACHI SN5000
800;M-31;W;Ginger Snaps;GINGER SNAPS
800;DPC1002;D;Festplatte 10.80 GB  SCSI-2-Fast;FESTPLATTE 10.80 GB  SCSI-2-FAST
800;DPC1002;W;Harddisk 10.80 GB   SCSI-2-Fast;HARDDISK 10.80 GB   SCSI-2-FAST
800;DPC1010;D;Tastatur Standard - Modell EURO-Special;TASTATUR STANDARD - MODELL EURO-SPECIAL
800;DPC1003;W;Harddisk 180 GB  SCSI-2-Fast;HARDDISK 180 GB  SCSI-2-FAST
800;DPC1012;D;Tastatur Professional - Modell MAXITEC;TASTATUR PROFESSIONAL - MODELL MAXITEC
800;DPC1010;W;Standard Keyboard - EURO-Special Model;STANDARD KEYBOARD - EURO SPECIAL MODEL
800;DPC1013;D;Tastatur Profesional - Modell NATURAL;TASTATUR PROFESIONAL - MODELL NATURAL
800;DPC1016;W;SIM-Module 8M x 36 70 ns;SIM-MODULE 8M X 36 70 NS
800;R-1140;D;TFT Bildschirm 171;TFT BILDSCHIRM 171
800;DPC1017;W;SIM-Module 4M x 36 70 ns;SIM-MODULE 4M X 36 70 NS
800;P-101;D;Pumpe PRECISION 101;PUMPE PRECISION 101
800;DPC1012;W;Professional keyboard - MAXITEC Model;PROFESSIONAL KEYBOARD - MAXITEC MODEL
800;P-402;D;Pumpe Standard IDESNORM 100-402;PUMPE STANDARD IDESNORM 100-402
800;DPC1016;D;SIM-Modul 8M x 36 70 ns;SIM-MODUL 8M X 36 70 NS
800;DPC1013;W;Professional keyboard - NATURAL Model;PROFESSIONAL KEYBOARD - NATURAL MODEL
800;DPC1019;D;Prozessor  700  MHz;PROZESSOR  700  MHZ
800;DPC1019;W;Processor  700  MHz;PROCESSOR  700  MHZ
800;DPC1020;D;Prozessor  500 MHz;PROZESSOR  500 MHZ
800;DPC1020;W;3Processor  500 MHz;3PROCESSOR  500 MHZ
800;M-04;W;Sunny Extreme;SUNNY EXTREME
800;M-06;J;????????? MS 1460 P;????????? MS 1460 P
800;M-01;6;Sunny Sunny 01;SUNNY SUNNY 01
800;M-10;J;????????? MS 1775P;????????? MS 1775P
800;P-101;W;Pump PRECISION 101;PUMP PRECISION 101
800;M-11;J;????????? MS 1785P;????????? MS 1785P
800;P-109;W;Pump cast steel IDESNORM 170-230;PUMP CAST STEEL IDESNORM 170-230
800;P-102;J;??? PRECISION 102;??? PRECISION 102
800;P-402;W;Pump standard IDESNORM 100-402;PUMP STANDARD IDESNORM 100-402
800;P-100;J;??? PRECISION 100;??? PRECISION 100
800;DPC1009;6;Standard Keyboard - EURO Model;STANDARD KEYBOARD - EURO MODEL
800;1400-100;J;???????????;???????????
800;DPC1011;6;Professional keyboard - PROFITEC Model;PROFESSIONAL KEYBOARD - PROFITEC MODEL
800;P-103;J;??? PRECISION 103;??? PRECISION 103
800;M-16;6;SEC Multisync XV 17;SEC MULTISYNC XV 17
800;P-104;J;??? PRECISION 104;??? PRECISION 104
800;M-17;6;Jotachi SN4000;JOTACHI SN4000
800;1400-200;J;???????;???????
800;M-18;6;Jotachi SN4500;JOTACHI SN4500
800;M-19;6;Jotachi SN5000;JOTACHI SN5000
800;1400-300;J;?????  1200 cm3;?????  1200 CM3
800;M-20;6;Jotachi SN 7000;JOTACHI SN 7000
800;1400-310;J;??????  350 cm3;??????  350 CM3
800;M-30;6;Vanilla Wafers;VANILLA WAFERS
800;M-32;6;Oatmeal Cookies;OATMEAL COOKIES
800;1400-400;J;?????????? - ??;?????????? - ??
800;R-1141;6;PAQ Monitor 20 Color;PAQ MONITOR 20 COLOR
800;1400-750;J;?????????? ??????;?????????? ??????
800;DPC1014;6;SIM-Modul M8M x 32 128MB  DDR-RAM;SIM-MODUL M8M X 32 128MB  DDR-RAM
800;DPC1004;J;??????? 42.94 GB  SCSI-2-FAST;??????? 42.94 GB  SCSI-2-FAST
800;DPC1015;6;SIM-Modul 256 MB 16M x 32 70 ns;SIM-MODUL 256 MB 16M X 32 70 NS
800;M-02;6;Sunny Xa1;SUNNY XA1
800;DPC1005;J;??????? 21.13 GB   ATA-2;??????? 21.13 GB   ATA-2
800;M-05;6;Flatscreen LE 50 P;FLATSCREEN LE 50 P
800;M-03;J;??? ???? 3;??? ???? 3
800;M-31;6;Ginger Snaps;GINGER SNAPS
800;M-07;J;????????? LE 64P;????????? LE 64P
800;DPC1002;6;Harddisk 10.80 GB   SCSI-2-Fast;HARDDISK 10.80 GB   SCSI-2-FAST
800;M-08;J;????????? MS 1575P;????????? MS 1575P
800;DPC1003;6;Harddisk 180 GB  SCSI-2-Fast;HARDDISK 180 GB  SCSI-2-FAST
800;M-09;J;????????? MS 1585;????????? MS 1585
800;DPC1010;6;Standard Keyboard - EURO-Special Model;STANDARD KEYBOARD - EURO SPECIAL MODEL
800;R-1140;J;TFT ????17 ???????;TFT ????17 ???????
800;DPC1016;6;SIM-Module 8M x 36 70 ns;SIM-MODULE 8M X 36 70 NS
800;DPC1014;J;SIM-Modul M8M x 32 128MB  DDR-RAM;SIM-MODUL M8M X 32 128MB  DDR-RAM
800;DPC1017;6;SIM-Module 4M x 36 70 ns;SIM-MODULE 4M X 36 70 NS
800;M-01;J;??? ??? 01;??? ??? 01
800;DPC1012;6;Professional keyboard - MAXITEC Model;PROFESSIONAL KEYBOARD - MAXITEC MODEL
800;M-05;J;????????? LE 50 P;????????? LE 50 P
800;DPC1013;6;Professional keyboard - NATURAL Model;PROFESSIONAL KEYBOARD - NATURAL MODEL
800;M-16;J;SEC Multisync XV 17;SEC MULTISYNC XV 17
800;DPC1019;6;Processor  700  MHz;PROCESSOR  700  MHZ
800;M-17;J;Jotachi SN4000;JOTACHI SN4000
800;DPC1020;6;3Processor  500 MHz;3PROCESSOR  500 MHZ
800;M-18;J;Jotachi SN4500;JOTACHI SN4500
800;M-04;6;Sunny Extreme;SUNNY EXTREME
800;M-19;J;Jotachi SN5000;JOTACHI SN5000
800;M-01;d;Sunny Sunny 01;SUNNY SUNNY 01
800;M-20;J;Jotachi SN 7000;JOTACHI SN 7000
800;P-101;6;Pump PRECISION 101;PUMP PRECISION 101
800;DPC1002;J;??????? 10.80 GB   SCSI-2-FAST;??????? 10.80 GB   SCSI-2-FAST
800;P-109;6;Pump cast steel IDESNORM 170-230;PUMP CAST STEEL IDESNORM 170-230
800;DPC1003;J;??????? 180 GB  SCSI-2-Fast;??????? 180 GB  SCSI-2-FAST
800;P-402;6;Pump standard IDESNORM 100-402;PUMP STANDARD IDESNORM 100-402
800;DPC1009;d;Standard Keyboard - EURO Model;STANDARD KEYBOARD - EURO MODEL
800;DPC1009;J;??????? - ??????;??????? - ??????
800;DPC1019;J;????? 700 MHz;????? 700 MHZ
800;DPC1011;d;Professional keyboard - PROFITEC Model;PROFESSIONAL KEYBOARD - PROFITEC MODEL
800;DPC1020;J;????? 500 MHz;????? 500 MHZ
800;M-16;d;SEC Multisync XV 17;SEC MULTISYNC XV 17
800;M-02;J;??? Xa1;??? XA1
800;M-17;d;Jotachi SN4000;JOTACHI SN4000
800;M-18;d;Jotachi SN4500;JOTACHI SN4500
800;M-04;J;??? ???????;??? ???????
800;M-19;d;Jotachi SN5000;JOTACHI SN5000
800;M-30;J;????????;????????
800;M-20;d;Jotachi SN 7000;JOTACHI SN 7000
800;M-31;J;??????????;??????????
800;M-30;d;Vanilla Wafers;VANILLA WAFERS
800;M-32;d;Oatmeal Cookies;OATMEAL COOKIES
800;M-32;J;??????????;??????????
800;P-101;J;??? PRECISION 101;??? PRECISION 101
800;R-1141;d;PAQ Monitor 20 Color;PAQ MONITOR 20 COLOR
800;P-109;J;??? ?? IDESNORM 170-230;??? ?? IDESNORM 170-230
800;DPC1014;d;SIM-Modul M8M x 32 128MB  DDR-RAM;SIM-MODUL M8M X 32 128MB  DDR-RAM
800;P-402;J;??? ?? IDESNORM 100-402;??? ?? IDESNORM 100-402
800;DPC1015;d;SIM-Modul 256 MB 16M x 32 70 ns;SIM-MODUL 256 MB 16M X 32 70 NS
800;M-02;d;Sunny Xa1;SUNNY XA1
800;R-1141;J;PAQ ????20 ???????;PAQ ????20 ???????
800;M-05;d;Flatscreen LE 50 P;FLATSCREEN LE 50 P
800;M-31;d;Ginger Snaps;GINGER SNAPS
800;DPC1010;J;??????? - ???????????;??????? - ???????????
800;DPC1002;d;Harddisk 10.80 GB   SCSI-2-Fast;HARDDISK 10.80 GB   SCSI-2-FAST
800;DPC1011;J;????????? - PROFITEC ???;????????? - PROFITEC ???
800;DPC1003;d;Harddisk 180 GB  SCSI-2-Fast;HARDDISK 180 GB  SCSI-2-FAST
800;DPC1012;J;????????? - MAXITEC ???;????????? - MAXITEC ???
800;DPC1010;d;Standard Keyboard - EURO-Special Model;STANDARD KEYBOARD - EURO SPECIAL MODEL
800;DPC1016;d;SIM-Module 8M x 36 70 ns;SIM-MODULE 8M X 36 70 NS
800;DPC1013;J;????????? - NATURAL ???;????????? - NATURAL ???
800;DPC1017;d;SIM-Module 4M x 36 70 ns;SIM-MODULE 4M X 36 70 NS
800;DPC1015;J;SIM ????? 16M X 32 70 NS;SIM ????? 16M X 32 70 NS
800;DPC1012;d;Professional keyboard - MAXITEC Model;PROFESSIONAL KEYBOARD - MAXITEC MODEL
800;DPC1016;J;SIM ????? 8M X 36 70 NS;SIM ????? 8M X 36 70 NS
800;DPC1013;d;Professional keyboard - NATURAL Model;PROFESSIONAL KEYBOARD - NATURAL MODEL
800;DPC1017;J;SIM ????? 4M X 36 70 NS;SIM ????? 4M X 36 70 NS
800;DPC1019;d;Processor  700  MHz;PROCESSOR  700  MHZ
800;M-06;F;Ecran plat MS 1460 P;ECRAN PLAT MS 1460 P
800;DPC1020;d;3Processor  500 MHz;3PROCESSOR  500 MHZ
800;M-10;F;Ecran plat MS 1775P;ECRAN PLAT MS 1775P
800;M-04;d;Sunny Extreme;SUNNY EXTREME
800;M-11;F;Ecran plat MS 1785P;ECRAN PLAT MS 1785P
800;P-101;d;Pump PRECISION 101;PUMP PRECISION 101
800;M-01;F;Sunny Sunny 01;SUNNY SUNNY 01
800;P-109;d;Pump cast steel IDESNORM 170-230;PUMP CAST STEEL IDESNORM 170-230
800;P-100;F;Pompe PRECISION 100;POMPE PRECISION 100
800;P-402;d;Pump standard IDESNORM 100-402;PUMP STANDARD IDESNORM 100-402
800;P-102;F;Pompe PRECISION 102;POMPE PRECISION 102
800;1400-310;F;CrossFun350 cm3;CROSSFUN350 CM3
800;P-103;F;Pompe PRECISION 103;POMPE PRECISION 103
800;P-104;F;Pompe PRECISION 104;POMPE PRECISION 104
800;1400-300;F;SunFun1200 cm3;SUNFUN1200 CM3
800;R-1140;F;TFT moniteur 17;TFT MONITEUR 17
800;1400-100;F;Phare Deluxe;PHARE DELUXE
800;1400-200;F;Feu arrière Deluxe;FEU ARRIÈRE DELUXE
800;1400-400;F;Casque - standard;CASQUE - STANDARD
800;1400-750;F;Réservoir d'essence Deluxe - fantaisie;RÉSERVOIR D'ESSENCE DELUXE - FANTAISIE
800;DPC1003;F;Disque dur 21.49 Go  SCSI-2-Fast;DISQUE DUR 21.49 GO  SCSI-2-FAST
800;DPC1004;F;Disque dur 42.94 Go  SCSI-2-Fast;DISQUE DUR 42.94 GO  SCSI-2-FAST
800;DPC1005;F;Disque dur 21.13 Go   ATA-2;DISQUE DUR 21.13 GO   ATA-2
