Mandt;Spras;Land1;Bland;Bezei
800;E;US;HI;Hawaii
800;F;US;HI;Hawaii
800;G;US;HI;?????
800;H;US;HI;Hawaii
800;I;US;HI;Hawaii
800;J;US;HI;Hawaii
800;K;US;HI;Hawaii
800;L;US;HI;Hawaje
800;M;US;HI;???
800;N;US;HI;Hawaii
800;O;US;HI;Hawaii
800;P;US;HI;Havai
800;Q;US;HI;Hawaii
800;R;US;HI;??????
800;S;US;HI;Hawai
800;T;US;HI;Hawaii
800;U;US;HI;Havaiji
800;V;US;HI;Hawaii
800;W;US;HI;?????
800;Z;US;HI;Hawaii
800;d;US;HI;Havaji
800;1;US;ND;?????
800;1;US;NM;????
800;1;US;SD;?????
800;1;US;VI;????
800;2;US;ND;North Dakota
800;2;US;NM;New Mexico
800;2;US;SD;South Dakota
800;3;US;ND;?? ???
800;3;US;NM;????
800;3;US;SD;??? ???
800;3;US;VI;??????
800;S;DE;14;Sajonia
800;4;US;ND;Dakota de Nord
800;T;DE;14;Saksonya
800;Z;US;DE;Delaware
800;d;US;MA;Masa?usets
800;4;US;NM;New Mexico
800;Z;US;GA;Georgia
800;4;US;SD;Dakota de Sud
800;d;US;OR;Oregon
800;Z;US;GU;Guam
800;4;US;VI;Insulele Virgine
800;U;DE;14;Saksi
800;Z;US;IA;Iowa
800;5;US;ND;North Dakota
800;Z;US;ID;Idaho
800;5;US;NM;New Mexico
800;1;US;MS;????
800;V;DE;14;Sachsen
800;Z;US;IL;Illinois
800;5;US;SD;Južna Dakota
800;Z;US;KS;Kansas
800;W;DE;14;????????
800;1;US;NC;???
800;5;US;VI;Virgin Islands
800;Z;US;MP;Mariana Islands
800;Z;US;NJ;New Jersey
800;6;US;ND;Sjeverna Dakota
800;Z;DE;14;Saxony
800;2;US;MS;Mississippi
800;Z;US;NV;Nevada
800;6;US;NM;New Mexico
800;Z;US;NY;New York
800;6;US;SD;Južna Dakota
800;d;DE;14;Saksonija
800;2;US;NC;North Carolina
800;Z;US;OH;Ohio
800;6;US;VI;Virgin Islands
800;Z;US;OK;Oklahoma
800;3;US;MS;????
800;C;US;ND;North Dakota
800;1;DE;15;Saxony-Anhalt
800;Z;US;TX;Texas
800;C;US;NM;New Mexico
800;Z;US;UT;Utah
800;3;US;NC;?? ????
800;3;DE;15;Saxony-Anhalt
800;C;US;SD;South Dakota
800;Z;US;WV;West Virginia
800;4;US;MS;Mississippi
800;4;DE;15;Saxony-Anhalt
800;C;US;VI;Virgin Islands
800;D;US;ND;North Dakota
800;5;DE;15;Sachsen-Anhalt
800;4;US;NC;Carolina de Nord
800;D;US;NM;New Mexico
800;D;US;SD;South Dakota
800;5;US;MS;Mississippi
800;6;DE;15;Saxony-Anhalt
800;D;US;VI;Virgin Islands
800;E;US;ND;North Dakota
800;5;US;NC;North Carolina
800;C;DE;15;Sachsen-Anhalt
800;E;US;NM;New Mexico
800;6;US;MS;Mississippi
800;D;DE;15;Sachsen-Anhalt
800;E;US;SD;South Dakota
800;E;US;VI;Virgin Islands
800;6;US;NC;Sjeverna Karolina
800;E;DE;15;Sachsen-Anhalt
800;F;US;ND;North Dakota
800;C;US;MS;Mississippi
800;F;US;NM;New Mexico
800;F;DE;15;Sachsen-Anhalt
800;F;US;SD;South Dakota
800;C;US;NC;North Carolina
800;G;DE;15;Saxony-Anhalt
800;Z;US;WY;Wyoming
800;F;US;VI;Virgin Islands
800;D;US;MS;Mississippi
800;H;DE;15;Sachsen-Anhalt
800;G;US;ND;?????? ???????
800;G;US;NM;??? ??????
800;P;US;AK;Alasca
800;I;DE;15;Sachsen-Anhalt
800;D;US;NC;North Carolina
800;G;US;SD;????? ???????
800;G;US;VI;Virgin Islands
800;P;US;AZ;Arizona
800;E;US;MS;Mississippi
800;J;DE;15;?????????
800;H;US;ND;North Dakota
800;P;US;DC;Colúmbia
800;H;US;NM;New Mexico
800;E;US;NC;North Carolina
800;K;DE;15;Sachsen-Anhalt
800;H;US;SD;South Dakota
800;P;US;DE;Delaware
800;H;US;VI;Virgin Islands
800;F;US;MS;Mississippi
800;L;DE;15;Sachsen-Anhalt
800;P;US;GA;Jórgia
800;I;US;ND;North Dakota
800;P;US;GU;Guam
800;F;US;NC;North Carolina
800;M;DE;15;??? - ???
800;I;US;NM;New Mexico
800;P;US;IA;Iowa
800;I;US;SD;South Dakota
800;G;US;MS;??????????
800;N;DE;15;Saksen-Anhalt
800;I;US;VI;Virgin Islands
800;J;US;ND;North Dakota
800;O;DE;15;Sachsen-Anhalt
800;J;US;NM;New Mexico
800;G;US;NC;?????? ????????
800;P;US;ID;Idaho
800;J;US;SD;South Dakota
800;P;DE;15;Saxónia Anhalt
800;J;US;VI;Virgin Islands
800;P;US;IL;Illinois
800;H;US;MS;Mississippi
800;K;US;ND;North Dakota
800;Q;DE;15;Sachsen-Anhalt
800;P;US;KS;Kansas
800;H;US;NC;North Carolina
800;K;US;NM;New Mexico
800;K;US;SD;South Dakota
800;P;US;MP;Ilhas Marianas
800;R;DE;15;????????-???????
800;I;US;MS;Mississippi
800;K;US;VI;Virgin Islands
800;L;US;ND;Pó?nocna Dakota
800;P;US;NJ;New Jersey
800;I;US;NC;North Carolina
800;L;US;NM;Nowy Meksyk
800;S;DE;15;Sachsen-Anhalt
800;P;US;NV;Nevada
800;L;US;SD;Po?udniowa Dakota
800;J;US;MS;Mississippi
800;T;DE;15;Saksonya-Anhalt
800;L;US;VI;Wyspy Virgin
800;P;US;NY;Nova Iorque
800;M;US;ND;????
800;2;US;MT;Montana
800;J;US;NC;North Carolina
800;U;DE;15;Saksi-Anhalt
800;M;US;NM;????
800;P;US;OH;Ohio
800;M;US;SD;????
800;K;US;MS;Mississippi
800;V;DE;15;Sachsen-Anhalt
800;M;US;VI;?????
800;P;US;OK;Oklahoma
800;4;US;MT;Montana
800;K;US;NC;North Carolina
800;N;US;ND;North Dakota
800;P;US;TX;Texas
800;W;DE;15;????????-??????
800;N;US;NM;New Mexico
800;5;US;MT;Montana
800;P;US;UT;Utah
800;L;US;MS;Mississippi
800;N;US;SD;South Dakota
800;Z;DE;15;Sachsen-Anhalt
800;6;US;MT;Montana
800;N;US;VI;Maagdeneilanden
800;O;US;ND;North Dakota
800;P;US;WV;Virgínia Ocidental
800;L;US;NC;Karolina Pó?nocna
800;d;DE;15;Saksonija-Anhalt
800;C;US;MT;Montana
800;O;US;NM;New Mexico
800;O;US;SD;South Dakota
800;P;US;WY;Wyoming
800;M;US;MS;????
800;1;DE;16;Thuringia
800;D;US;MT;Montana
800;O;US;VI;Jomfruøyene
800;Q;US;AK;Aljaška
800;P;US;ND;Dacota do Norte
800;2;DE;16;Thuringia
800;M;US;NC;?????
800;P;US;NM;Novo México
800;E;US;MT;Montana
800;Q;US;AS;American Samoa
800;N;US;MS;Mississippi
800;3;DE;16;Thuringia
800;P;US;SD;Dacota do Sul
800;Q;US;AZ;Arizona
800;F;US;MT;Montana
800;P;US;VI;Ilhas Virgens
800;4;DE;16;Thuringia
800;N;US;NC;North Carolina
800;Q;US;ND;Severná Dakota
800;Q;US;DC;District of Columbia
800;Q;US;NM;New Mexico
800;H;US;MT;Montana
800;O;US;MS;Mississippi
800;5;DE;16;Thüringen
800;Q;US;SD;Južná Dakota
800;Q;US;DE;Delaware
800;I;US;MT;Montana
800;6;DE;16;Thuringia
800;O;US;NC;North Carolina
800;Q;US;VI;Virgin Islands
800;Q;US;GA;Georgia
800;R;US;ND;???????? ??????
800;P;US;MS;Mississípi
800;J;US;MT;Montana
800;C;DE;16;Thüringen
800;Q;US;GU;Guam
800;R;US;NM;???-???????
800;P;US;NC;Carolina do Norte
800;K;US;MT;Montana
800;R;US;SD;????? ??????
800;Q;US;IA;Iowa
800;D;DE;16;Thueringen
800;Q;US;MS;Mississippi
800;R;US;VI;?????????? ?-??(???)
800;L;US;MT;Montana
800;Q;US;ID;Idaho
800;E;DE;16;Thuringia
800;S;US;ND;Dacota del Norte
800;Q;US;NC;Severná Karolína
800;S;US;NM;Nuevo México
800;Q;US;IL;Illinois
800;N;US;MT;Montana
800;F;DE;16;Thueringen
800;R;US;MS;?????????
800;S;US;SD;Dacota del Sur
800;Q;US;KS;Kansas
800;G;DE;16;Thuringia
800;O;US;MT;Montana
800;S;US;VI;Islas Vírgenes
800;R;US;NC;???????? ????????
800;Q;US;MP;Mariana Islands
800;T;US;ND;Kuzey Dakota
800;H;DE;16;Türingia
800;P;US;MT;Montana
800;T;US;NM;New Mexico
800;S;US;MS;Mississippi
800;Q;US;NJ;New Jersey
800;I;DE;16;Turingia
800;T;US;SD;Güney Dakota
800;Q;US;MT;Montana
800;Q;US;NV;Nevada
800;T;US;VI;Virgin Adalar?
800;S;US;NC;Carolina del Norte
800;J;DE;16;???????
800;S;US;MT;Montana
800;Q;US;NY;New York
800;U;US;ND;Pohjois-Dakota
800;T;US;MS;Mississippi
800;U;US;NM;New Mexico
800;T;US;MT;Montana
800;K;DE;16;Thüringen
800;Q;US;OH;Ohio
800;U;US;SD;Etelä-Dakota
800;T;US;NC;Kuzey Carolina
800;U;US;VI;Neitsytsaaret
800;U;US;MT;Montana
800;Q;US;OK;Oklahoma
800;U;US;MS;Mississippi
800;L;DE;16;Turyngia
800;V;US;ND;North Dakota
800;V;US;MT;Montana
800;V;US;NM;New Mexico
800;Q;US;TX;Texas
800;U;US;NC;Pohjois-Carolina
800;M;DE;16;???
800;V;US;SD;South Dakota
800;Z;US;MT;Montana
800;Q;US;UT;Utah
800;V;US;VI;Virgin Islands
800;N;DE;16;Thüringen
800;V;US;MS;Mississippi
800;W;US;ND;??????? ??????
800;d;US;MT;Montana
800;Q;US;WV;Západná Virgínia
800;V;US;NC;North Carolina
800;O;DE;16;Thüringen
800;W;US;NM;?? ???????
800;J;DE;02;Hamburg
800;Q;US;WY;Wyoming
800;P;DE;16;Turíngia
800;W;US;MS;????????
800;W;US;SD;???? ??????
800;1;DE;02;??
800;O;US;AK;Alaska
800;W;US;VI;Virgin Islands
800;Q;DE;16;Thüringen
800;Z;US;ND;North Dakota
800;W;US;NC;??????? ????????
800;3;DE;02;????
800;Z;US;NM;New Mexico
800;O;US;AS;Amerikansk Samoa
800;R;DE;16;????????
800;Z;US;SD;South Dakota
800;Z;US;MS;Mississippi
800;D;DE;02;Hamburg
800;O;US;AZ;Arizona
800;Z;US;VI;Virgin Islands
800;S;DE;16;Turingia
800;Z;US;NC;North Carolina
800;d;US;ND;Severna Dakota
800;E;DE;02;Hamburg
800;d;US;NM;Nju Meksiko
800;T;DE;16;Thüringen
800;O;US;DC;District of Columbia
800;d;US;MS;Misisipi
800;d;US;SD;Južna Dakota
800;F;DE;02;Hamburg
800;U;DE;16;Thüringen
800;O;US;DE;Delaware
800;d;US;VI;Devi?anska Ostrva
800;d;US;NC;Severna Karolina
800;M;DE;02;??
800;1;US;FL;????
800;O;US;GA;Georgia
800;1;US;MO;???
800;V;DE;16;Thüringen
800;P;DE;02;Hamburgo
800;1;US;IN;????
800;O;US;GU;Guam
800;1;US;MD;????
800;2;US;MO;Missouri
800;W;DE;16;????????
800;R;DE;02;???????
800;2;US;FL;Florida
800;O;US;IA;Iowa
800;Z;DE;16;Thuringia
800;3;US;MO;???
800;2;US;IN;Indiana
800;S;DE;02;Hamburg
800;O;US;ID;Idaho
800;2;US;MD;Maryland
800;3;US;FL;????
800;4;US;MO;Missouri
800;d;DE;16;Turingija
800;O;US;IL;Illinois
800;U;DE;02;Hampuri
800;3;US;IN;????
800;5;US;MO;Missouri
800;1;US;AR;???
800;3;US;MD;????
800;O;US;KS;Kansas
800;V;DE;02;Hamburg
800;4;US;FL;Florida
800;6;US;MO;Missouri
800;2;US;AR;Arkansas
800;4;US;IN;Indiana
800;O;US;MP;Mariana Islands
800;Z;DE;02;Hamburg
800;4;US;MD;Maryland
800;C;US;MO;Missouri
800;2;US;NE;Nebraska
800;5;US;FL;Florida
800;O;US;NJ;New Jersey
800;5;US;IN;Indiana
800;D;US;MO;Missouri
800;3;US;AR;????
800;2;DE;02;Hamburg
800;O;US;NV;Nevada
800;5;US;MD;Maryland
800;E;US;MO;Missouri
800;6;US;FL;Florida
800;O;US;NY;New York
800;4;US;AR;Arkansas
800;4;DE;02;Hamburg
800;6;US;IN;Indiana
800;F;US;MO;Missouri
800;O;US;OH;Ohio
800;6;US;MD;Maryland
800;4;US;NE;Nebraska
800;5;DE;02;Hamburg
800;G;US;MO;???????
800;C;US;FL;Florida
800;O;US;OK;Oklahoma
800;5;US;AR;Arkansas
800;C;US;IN;Indiana
800;6;DE;02;Hamburg
800;H;US;MO;Missouri
800;C;US;MD;Maryland
800;O;US;TX;Texas
800;D;US;FL;Florida
800;5;US;NE;Nebraska
800;I;US;MO;Missouri
800;C;DE;02;Hamburg
800;O;US;UT;Utah
800;D;US;IN;Indiana
800;D;US;MD;Maryland
800;J;US;MO;Missouri
800;6;US;AR;Arkanzas
800;G;DE;02;????????
800;O;US;WV;West Virginia
800;E;US;FL;Florida
800;O;US;WY;Wyoming
800;6;US;NE;Nebraska
800;K;US;MO;Missouri
800;E;US;IN;Indiana
800;H;DE;02;Hamburg
800;E;US;MD;Maryland
800;C;US;AR;Arkansas
800;P;US;AS;Samoa Americana
800;F;US;FL;Florida
800;F;US;IN;Indiana
800;L;US;MO;Missouri
800;C;US;NE;Nebraska
800;I;DE;02;Amburgo
800;M;US;MO;???
800;F;US;MD;Maryland
800;N;US;AK;Alaska
800;D;US;AR;Arkansas
800;G;US;FL;????????
800;N;US;MO;Missouri
800;J;DE;04;Bremen
800;D;US;NE;Nebraska
800;O;US;MO;Missouri
800;N;US;AS;Amerikaans Samoa
800;K;DE;02;Hamborg
800;E;US;AR;Arkansas
800;P;US;MO;Missouri
800;N;US;AZ;Arizona
800;L;DE;02;Hamburg
800;Q;US;MO;Missouri
800;E;US;NE;Nebraska
800;N;US;DC;District of Columbia
800;N;DE;02;Hamburg
800;R;US;MO;???????
800;F;US;AR;Arkansas
800;G;US;IN;???????
800;N;US;DE;Delaware
800;O;DE;02;Hamburg
800;G;US;MD;?????????
800;F;US;NE;Nebraska
800;S;US;MO;Missouri
800;H;US;FL;Florida
800;N;US;GA;Georgia
800;Q;DE;02;Hamburg
800;T;US;MO;Missouri
800;G;US;AR;????????
800;H;US;IN;Indiana
800;N;US;GU;Guam
800;H;US;MD;Maryland
800;T;DE;02;Hamburg
800;H;US;AR;Arkansas
800;U;US;MO;Missouri
800;I;US;FL;Florida
800;N;US;IA;Iowa
800;I;US;IN;Indiana
800;W;DE;02;???????
800;H;US;NE;Nebraska
800;V;US;MO;Missouri
800;N;US;ID;Idaho
800;I;US;MD;Maryland
800;J;US;FL;Florida
800;d;DE;02;Hamburg
800;I;US;AR;Arkansas
800;W;US;MO;??????
800;N;US;IL;Illinois
800;J;US;IN;Indiana
800;1;DE;04;???
800;J;US;MD;Maryland
800;Z;US;MO;Missouri
800;N;US;KS;Kansas
800;I;US;NE;Nebraska
800;K;US;FL;Florida
800;3;DE;04;???
800;K;US;IN;Indiana
800;d;US;MO;Misuri
800;J;US;AR;Arkansas
800;N;US;MP;Northern Mariana Isl
800;K;US;MD;Maryland
800;L;US;FL;Floryda
800;1;US;CT;?????
800;N;US;NJ;New Jersey
800;D;DE;04;Bremen
800;J;US;NE;Nebraska
800;L;US;IN;Indiana
800;1;US;ME;??
800;L;US;MD;Maryland
800;N;US;NV;Nevada
800;K;US;AR;Arkansas
800;M;US;FL;????
800;E;DE;04;Bremen
800;2;US;CT;Connecticut
800;M;US;IN;????
800;K;US;NE;Nebraska
800;M;US;MD;???
800;2;US;ME;Maine
800;N;US;NY;New York
800;F;DE;04;Bremen
800;N;US;FL;Florida
800;L;US;AR;Arkansas
800;N;US;IN;Indiana
800;3;US;CT;?????
800;N;US;OH;Ohio
800;N;US;MD;Maryland
800;L;US;NE;Nebraska
800;M;DE;04;???
800;3;US;ME;??
800;O;US;FL;Florida
800;N;US;OK;Oklahoma
800;P;DE;04;Bremen
800;O;US;IN;Indiana
800;4;US;CT;Connecticut
800;M;US;AR;???
800;N;US;TX;Texas
800;O;US;MD;Maryland
800;R;DE;04;??????
800;P;US;FL;Flórida
800;N;US;UT;Utah
800;N;US;AR;Arkansas
800;4;US;ME;Maine
800;P;US;IN;Indiana
800;S;DE;04;Bremen
800;P;US;MD;Maryland
800;N;US;NE;Nebraska
800;5;US;CT;Connecticut
800;N;US;WV;West Virginia
800;Q;US;FL;Florida
800;U;DE;04;Bremen
800;Q;US;IN;Indiana
800;O;US;AR;Arkansas
800;5;US;ME;Maine
800;N;US;WY;Wyoming
800;Q;US;MD;Maryland
800;V;DE;04;Bremen
800;6;US;CT;Connecticut
800;O;US;NE;Nebraska
800;R;US;FL;???????
800;1;US;GA;???
800;R;US;IN;???????
800;6;US;ME;Maine
800;Z;DE;04;Bremen
800;P;US;AR;Arkansas
800;K;US;AK;Alaska
800;R;US;MD;????????
800;C;US;CT;Connecticut
800;S;US;FL;Florida
800;2;DE;04;Bremen
800;Q;US;AR;Arkansas
800;K;US;AS;Samoa (USA)
800;S;US;IN;Indiana
800;C;US;ME;Maine
800;4;DE;04;Bremen
800;S;US;MD;Maryland
800;Q;US;NE;Nebraska
800;K;US;AZ;Arizona
800;T;US;FL;Florida
800;D;US;CT;Connecticut
800;5;DE;04;Bremen
800;R;US;AR;????????
800;K;US;DC;District of Columbia
800;T;US;IN;Indiana
800;D;US;ME;Maine
800;6;DE;04;Bremen
800;T;US;MD;Maryland
800;S;US;AR;Arcansas
800;K;US;DE;Delaware
800;U;US;FL;Florida
800;E;US;CT;Connecticut
800;C;DE;04;Bremen
800;U;US;IN;Indiana
800;T;US;AR;Arkansas
800;K;US;GA;Georgia
800;E;US;ME;Maine
800;U;US;MD;Maryland
800;G;DE;04;?????
800;V;US;FL;Florida
800;K;US;GU;Guam
800;T;US;NE;Nebraska
800;F;US;CT;Connecticut
800;H;DE;04;Bréma
800;V;US;IN;Indiana
800;K;US;IA;Iowa
800;U;US;AR;Arkansas
800;F;US;ME;Maine
800;V;US;MD;Maryland
800;I;DE;04;Brema
800;K;US;ID;Idaho
800;W;US;FL;???????
800;U;US;NE;Nebraska
800;G;US;CT;??????????
800;W;US;IN;???????
800;K;US;IL;Illinois
800;J;DE;03;Lower Saxony
800;V;US;AR;Arkansas
800;W;US;MD;????????
800;G;US;ME;Maine
800;Z;US;FL;Florida
800;K;US;KS;Kansas
800;K;DE;04;Bremen
800;Z;US;IN;Indiana
800;V;US;NE;Nebraska
800;H;US;CT;Connecticut
800;Z;US;MD;Maryland
800;K;US;MP;Mariana Islands
800;L;DE;04;Brema
800;H;US;ME;Maine
800;W;US;AR;????????
800;d;US;FL;Florida
800;K;US;NJ;New Jersey
800;d;US;IN;Indijana
800;N;DE;04;Bremen
800;I;US;CT;Connecticut
800;Z;US;AR;Arkansas
800;d;US;MD;Merilend
800;K;US;NV;Nevada
800;E;US;AK;Alaska
800;O;DE;04;Bremen
800;I;US;ME;Maine
800;Z;US;NE;Nebraska
800;E;US;AS;American Samoa
800;K;US;NY;New York
800;E;US;AZ;Arizona
800;Q;DE;04;Brémy
800;d;US;AR;Arkanzas
800;J;US;CT;Connecticut
800;K;US;OH;Ohio
800;E;US;DC;District of Columbia
800;T;DE;04;Bremen
800;E;US;DE;Delaware
800;d;US;NE;Nebraska
800;J;US;ME;Maine
800;K;US;OK;Oklahoma
800;E;US;GA;Georgia
800;E;US;GU;Guam
800;K;US;TX;Texas
800;K;US;CT;Connecticut
800;1;US;MT;???
800;E;US;IA;Iowa
800;W;DE;04;??????
800;K;US;UT;Utah
800;K;US;ME;Maine
800;E;US;ID;Idaho
800;1;US;NE;??????
800;E;US;IL;Illinois
800;K;US;WV;West Virginia
800;L;US;CT;Connecticut
800;E;US;KS;Kansas
800;3;US;MT;???
800;K;US;WY;Wyoming
800;d;DE;04;Bremen
800;L;US;ME;Maine
800;E;US;MP;Mariana Islands
800;3;US;NE;?????
800;1;US;AK;????
800;M;US;CT;?????
800;E;US;NJ;New Jersey
800;G;US;MT;???????
800;1;DE;03;????
800;M;US;ME;??
800;1;US;AS;???????
800;E;US;NV;Nevada
800;G;US;NE;?????????
800;E;US;NY;New York
800;N;US;CT;Connecticut
800;1;US;AZ;?????
800;E;US;OH;Ohio
800;M;US;MT;???
800;N;US;ME;Maine
800;E;US;OK;Oklahoma
800;3;DE;03;??????
800;E;US;TX;Texas
800;M;US;NE;?????
800;O;US;CT;Connecticut
800;1;US;DC;??????
800;E;US;UT;Utah
800;P;US;NE;Nebrasca
800;O;US;ME;Maine
800;E;US;WV;West Virginia
800;1;US;DE;????
800;D;DE;03;Niedersachsen
800;E;US;WY;Wyoming
800;R;US;MT;???????
800;1;US;GU;??
800;P;US;CT;Connecticut
800;J;US;AK;Alaska
800;J;US;AS;American Samoa
800;E;DE;03;Lower Saxony
800;P;US;ME;Maine
800;R;US;NE;????????
800;1;US;IA;????
800;J;US;AZ;Arizona
800;Q;US;CT;Connecticut
800;J;US;DC;District of Columbia
800;S;US;NE;Nebrasca
800;1;US;ID;????
800;J;US;DE;Delaware
800;F;DE;03;Niedersachsen
800;Q;US;ME;Maine
800;J;US;GA;Georgia
800;1;US;IL;????
800;W;US;MT;???????
800;J;US;GU;Guam
800;R;US;CT;???????????
800;1;US;KS;???
800;J;US;IA;Iowa
800;W;US;NE;????????
800;M;DE;03;????
800;J;US;ID;Idaho
800;R;US;ME;???
800;1;US;MP;Northern Mariana Isl
800;J;US;IL;Illinois
800;1;US;AL;????
800;S;US;CT;Connecticut
800;J;US;KS;Kansas
800;1;US;NJ;???
800;2;US;AL;Alabama
800;J;US;MP;??????
800;P;DE;03;Baixa-Saxónia
800;S;US;ME;Maine
800;1;US;NV;???
800;J;US;NJ;New Jersey
800;J;US;NV;Nevada
800;1;US;NY;??
800;T;US;CT;Connecticut
800;3;US;AL;????
800;S;DE;03;Baja sajonia
800;J;US;NY;New York
800;J;US;OH;Ohio
800;T;US;ME;Maine
800;4;US;AL;Alabama
800;1;US;OH;???
800;U;DE;03;Ala-Saksi
800;J;US;OK;Oklahoma
800;J;US;TX;Texas
800;U;US;CT;Connecticut
800;5;US;AL;Alabama
800;1;US;OK;?????
800;J;US;UT;Utah
800;V;DE;03;Niedersachsen
800;U;US;ME;Maine
800;6;US;AL;Alabama
800;J;US;WV;West Virginia
800;1;US;TX;????
800;Z;DE;03;Lower Saxony
800;J;US;WY;Wyoming
800;V;US;CT;Connecticut
800;C;US;AL;Alabama
800;1;US;UT;??
800;V;US;AK;Alaska
800;4;DE;03;Saxonia inferioar?
800;V;US;AS;Samoa (Amerika)
800;V;US;ME;Maine
800;D;US;AL;Alabama
800;1;US;WV;??????
800;V;US;AZ;Arizona
800;5;DE;03;Lower Saxony
800;E;US;AL;Alabama
800;W;US;CT;??????????
800;V;US;DC;District of Columbia
800;1;US;WY;????
800;6;DE;03;Donja Saska
800;W;US;ME;????
800;V;US;DE;Delaware
800;F;US;AL;Alabama
800;4;US;AK;Alaska
800;C;DE;03;Niedersachsen
800;V;US;GA;Georgien
800;Z;US;CT;Connecticut
800;G;US;AL;????????
800;V;US;GU;Guam
800;4;US;AZ;Arizona
800;G;DE;03;Lower Saxony
800;H;US;AL;Alabama
800;Z;US;ME;Maine
800;V;US;IA;Iowa
800;V;US;ID;Idaho
800;V;US;IL;Illinois
800;I;US;AL;Alabama
800;d;US;CT;Konektikat
800;4;US;DC;Districtul Columbia
800;H;DE;03;Alsó-Szászország
800;V;US;KS;Kansas
800;d;US;ME;Mejn
800;J;US;AL;Alabama
800;4;US;DE;Delaware
800;V;US;MP;Northern Mariana Isl
800;I;DE;03;Bassa Sassonia
800;V;US;NJ;New Jersey
800;K;US;AL;Alabama
800;4;US;GA;Georgia
800;1;US;LA;?????
800;V;US;NV;Nevada
800;V;US;NY;New York
800;4;US;GU;Guam
800;J;DE;01;Schleswig-Holstein
800;L;US;AL;Alabama
800;1;US;NH;????
800;V;US;OH;Ohio
800;V;US;OK;Oklahoma
800;4;US;IA;Iowa
800;M;US;AL;????
800;K;DE;03;Niedersachsen
800;V;US;TX;Texas
800;2;US;LA;Louisiana
800;4;US;ID;Idaho
800;V;US;UT;Utah
800;N;US;AL;Alabama
800;2;US;NH;New Hampshire
800;4;US;IL;Illinois
800;V;US;WV;West Virginia
800;L;DE;03;Dolna Saksonia
800;V;US;WY;Wyoming
800;3;US;LA;?????
800;O;US;AL;Alabama
800;4;US;KS;Kansas
800;N;DE;03;Nedersaksen
800;F;US;AK;Alaska
800;3;US;NH;????
800;P;US;AL;Alabama
800;F;US;AS;American Samoa
800;4;US;MP;Ins.Mariana de Nord
800;O;DE;03;Niedersachsen
800;F;US;AZ;Arizona
800;4;US;LA;Louisiana
800;Q;US;AL;Alabama
800;4;US;NJ;New Jersey
800;F;US;DC;District of Columbia
800;Q;DE;03;Niedersachsen
800;F;US;DE;Delaware
800;4;US;NV;Nevada
800;4;US;NH;New Hampshire
800;R;US;AL;???????
800;F;US;GA;Georgia
800;R;DE;03;?????? ????????
800;F;US;GU;Guam
800;4;US;NY;New York
800;S;US;AL;Alabama
800;5;US;LA;Louisiana
800;F;US;IA;Iowa
800;T;DE;03;A?a?? Saksonya
800;4;US;OH;Ohio
800;F;US;ID;Idaho
800;5;US;NH;New Hampshire
800;T;US;AL;Alabama
800;F;US;IL;Illinois
800;4;US;OK;Oklahoma
800;W;DE;03;????? ????????
800;6;US;LA;Louisiana
800;F;US;KS;Kansas
800;U;US;AL;Alabama
800;F;US;MP;Mariana Islands
800;4;US;TX;Texas
800;d;DE;03;Donja Saksonija
800;6;US;NH;New Hampshire
800;F;US;NJ;New Jersey
800;V;US;AL;Alabama
800;4;US;UT;Utah
800;F;US;NV;Nevada
800;C;US;LA;Louisiana
800;1;DE;01;Schleswig-Holstein
800;W;US;AL;???????
800;F;US;NY;New York
800;F;US;OH;Ohio
800;4;US;WV;Virginia de Vest
800;C;US;NH;New Hampshire
800;Z;US;AL;Alabama
800;F;US;OK;Oklahoma
800;3;DE;01;Schleswig-Holstein
800;4;US;WY;Wyoming
800;d;US;AL;Alabama
800;F;US;TX;Texas
800;D;US;LA;Louisiana
800;6;DE;01;Schleswig-Holstein
800;F;US;UT;Utah
800;3;US;AK;????
800;D;US;NH;New Hampshire
800;1;US;PR;????
800;F;US;WV;West Virginia
800;D;DE;01;Schleswig-Holstein
800;F;US;WY;Wyoming
800;2;US;PR;Puerto Rico
800;E;US;LA;Louisiana
800;3;US;AS;???? ???
800;S;US;AK;Alasca
800;E;DE;01;Schleswig-Holstein
800;E;US;NH;New Hampshire
800;S;US;AS;American Samoa
800;3;US;PR;??????
800;3;US;AZ;????
800;S;US;AZ;Arizona
800;F;US;LA;Louisiana
800;4;US;PR;Puerto Rico
800;S;US;DC;Columbia
800;3;US;DC;???? ??
800;S;US;DE;Delaware
800;5;US;PR;Portoriko
800;F;US;NH;New Hampshire
800;S;US;GA;Georgia
800;3;US;DE;????
800;F;DE;01;Schleswig-Holstein
800;S;US;GU;Guam
800;6;US;PR;Portoriko
800;3;US;GA;???
800;G;US;LA;?????????
800;S;US;IA;Iowa
800;S;US;ID;Idaho
800;C;US;PR;Portoriko
800;3;US;GU;?
800;G;US;NH;New Hampshire
800;S;US;IL;Illinois
800;M;DE;01;??? - ???
800;D;US;PR;Puerto Rico
800;3;US;IA;???
800;S;US;KS;Kansas
800;H;US;LA;Louisiana
800;E;US;PR;Puerto Rico
800;S;US;MP;Islas Mariana Norte
800;3;US;ID;????
800;H;US;NH;New Hampshire
800;F;US;PR;Puerto Rico
800;S;US;NJ;Nueva Jersey
800;O;DE;01;Schleswig-Holstein
800;S;US;NV;Nevada
800;3;US;IL;?????
800;I;US;LA;Louisiana
800;S;US;NY;Nueva York
800;G;US;PR;??????? ????
800;S;US;OH;Ohio
800;3;US;KS;???
800;S;US;OK;Oklahoma
800;I;US;NH;New Hampshire
800;H;US;PR;Puerto Rico
800;S;US;TX;Texas
800;P;DE;01;Schleswig-Holstein
800;3;US;MP;?? ??????
800;I;US;PR;Portorico
800;J;US;LA;Louisiana
800;S;US;UT;Uta
800;S;US;WV;West Virginia
800;3;US;NJ;???
800;S;US;WY;Wyoming
800;J;US;NH;New Hampshire
800;J;US;PR;Puerto Rico
800;S;DE;01;Schleswig-Holstein
800;U;US;AK;Alaska
800;3;US;NV;???
800;K;US;PR;Puerto Rico
800;K;US;LA;Louisiana
800;U;US;AZ;Arizona
800;3;US;NY;??
800;U;US;DC;District of Columbia
800;L;US;PR;Puerto Rico
800;K;US;NH;New Hampshire
800;U;US;DE;Delaware
800;U;DE;01;Schleswig-Holstein
800;3;US;OH;????
800;U;US;GA;Georgia
800;L;US;LA;Luizjana
800;M;US;PR;????
800;U;US;GU;Guam
800;3;US;OK;?????
800;U;US;IA;Iowa
800;N;US;PR;Puerto Rico
800;L;US;NH;New Hampshire
800;V;DE;01;Schleswig-Holstein
800;U;US;ID;Idaho
800;3;US;TX;???
800;U;US;IL;Illinois
800;O;US;PR;Puerto Rico
800;M;US;LA;?????
800;Z;DE;01;Schleswig-Holstein
800;U;US;KS;Kansas
800;3;US;UT;??
800;P;US;PR;Porto Rico
800;M;US;NH;????
800;U;US;MP;Pohjois-Mariaanit
800;U;US;NJ;New Jersey
800;4;DE;01;Schleswig-Holstein
800;3;US;WV;??? ????
800;U;US;NV;Nevada
800;N;US;LA;Louisiana
800;Q;US;PR;Portoriko
800;U;US;NY;New York
800;5;DE;01;Schleswig-Holstein
800;3;US;WY;????
800;U;US;OH;Ohio
800;R;US;PR;?. ??????-???? (???)
800;N;US;NH;New Hampshire
800;U;US;OK;Oklahoma
800;C;DE;01;Schleswig-Holstein
800;4;US;AS;Samoa American
800;U;US;TX;Texas
800;O;US;LA;Louisiana
800;U;US;UT;Utah
800;W;US;AK;??????
800;U;US;WV;Länsi-Virginia
800;G;DE;01;Schleswig-Holstein
800;U;US;WY;Wyoming
800;O;US;NH;New Hampshire
800;W;US;AS;????? (???)
800;U;US;AS;Amerikan Samoa
800;H;DE;01;Schleswig-Holstein
800;P;US;LA;Luisiana
800;D;US;AK;Alaska
800;W;US;AZ;???????
800;D;US;AS;American Samoa
800;S;US;PR;Puerto Rico
800;I;DE;01;Schleswig-Holstein
800;P;US;NH;New Hampshire
800;D;US;AZ;Arizona
800;T;US;PR;Porto Riko
800;W;US;DC;District of Columbia
800;D;US;DC;District of Columbia
800;J;DE;05;Nrth Rhine Westfalia
800;U;US;PR;Puerto Rico
800;Q;US;LA;Louisiana
800;D;US;DE;Delaware
800;W;US;DE;????????
800;D;US;GA;Georgia
800;K;DE;01;Slesvig-Holsten
800;V;US;PR;Puerto Rico
800;D;US;GU;Guam
800;W;US;GA;????????
800;Q;US;NH;New Hampshire
800;D;US;IA;Iowa
800;D;US;ID;Idaho
800;L;DE;01;Schleswig-Holstein
800;W;US;PR;?????? ????
800;D;US;IL;Illinois
800;W;US;GU;????
800;R;US;LA;????????
800;D;US;KS;Kansas
800;N;DE;01;Sleeswijk-Holstein
800;Z;US;PR;Puerto Rico
800;W;US;IA;?????
800;D;US;MP;Mariana Islands
800;R;US;NH;???-???????
800;D;US;NJ;New Jersey
800;d;US;PR;Porto Riko
800;Q;DE;01;Schleswig-Holstein
800;W;US;ID;??????
800;D;US;NV;Nevada
800;S;US;LA;Luisiana
800;1;US;CA;?????
800;D;US;NY;New York
800;D;US;OH;Ohio
800;W;US;IL;???????
800;S;US;NH;New Hampshire
800;R;DE;01;???????-?????????
800;D;US;OK;Oklahoma
800;1;US;CO;????
800;D;US;TX;Texas
800;T;US;LA;Louisiana
800;1;US;WA;???
800;D;US;UT;Utah
800;W;US;KS;??????
800;T;DE;01;Schleswig-Holstein
800;D;US;WV;West Virginia
800;T;US;NH;New Hampshire
800;2;US;CA;California
800;D;US;WY;Wyoming
800;5;US;AK;Aljaska
800;W;US;MP;Northern Mariana Isl
800;W;DE;01;???????-???????
800;U;US;LA;Louisiana
800;2;US;CO;Colorado
800;5;US;AS;Ameriška Samoa
800;5;US;AZ;Arizona
800;W;US;NJ;?? ??????
800;2;US;MI;Michigan
800;U;US;NH;New Hampshire
800;d;DE;01;Šlezvig-Holštajn
800;5;US;DC;Okraj Columbia
800;W;US;NV;??????
800;5;US;DE;Delaware
800;2;US;WA;Washington
800;V;US;LA;Louisiana
800;5;US;GA;Georgia
800;W;US;NY;?? ????
800;1;DE;05;Nrth Rhine Westfalia
800;5;US;GU;Guam
800;3;US;CA;?????
800;V;US;NH;New Hampshire
800;5;US;IA;Iowa
800;W;US;OH;?????
800;5;US;ID;Idaho
800;3;US;CO;????
800;W;US;LA;????????
800;3;DE;05;Nrth Rhine Westfalia
800;5;US;IL;Illinois
800;W;US;OK;????????
800;3;US;WA;???
800;5;US;KS;Kansas
800;W;US;NH;?? ???????
800;4;DE;05;Ren.deNord Westfalia
800;5;US;MP;Northern Mariana Isl
800;W;US;TX;??????
800;4;US;CA;California
800;Z;US;LA;Louisiana
800;5;US;NJ;New Jersey
800;5;DE;05;Nordrhein-Westfalen
800;W;US;UT;???
800;5;US;NV;Nevada
800;4;US;CO;Colorado
800;Z;US;NH;New Hampshire
800;5;US;NY;New York
800;6;DE;05;Nrth Rhine Westfalia
800;4;US;MI;Michigan
800;5;US;OH;Ohio
800;W;US;WV;??????? ?????????
800;d;US;LA;Luizijana
800;5;US;OK;Oklahoma
800;C;DE;05;Nordrhein-Westfalen
800;5;US;TX;Teksas
800;d;US;NH;Nju Hempšir
800;W;US;WY;????????
800;4;US;WA;Washington
800;5;US;UT;Utah
800;D;DE;05;Nordrhein-Westfalen
800;5;US;WV;West Virginia
800;5;US;CA;Kalifornija
800;6;US;AK;Aljaska
800;1;US;KY;???
800;5;US;WY;Wyoming
800;E;DE;05;Nrth Rhine Westfalia
800;C;US;AK;Alaska
800;5;US;CO;Colorado
800;6;US;AS;Ameri?ka Samoa
800;1;US;RI;????
800;C;US;AS;American Samoa
800;F;DE;05;Nordrhein-Westfalen
800;5;US;MI;Michigan
800;C;US;AZ;Arizona
800;6;US;AZ;Arizona
800;1;US;VT;???
800;C;US;DC;District of Columbia
800;5;US;WA;Washington
800;C;US;DE;Delaware
800;6;US;DC;Okrug Kolumbija
800;1;US;WI;????
800;C;US;GA;Georgia
800;6;US;CA;Kalifornija
800;G;DE;05;Nrth Rhine Westfalia
800;C;US;GU;Guam
800;6;US;DE;Delaware
800;2;US;KY;Kentucky
800;C;US;IA;Iowa
800;6;US;CO;Kolorado
800;C;US;ID;Idaho
800;H;DE;05;Észak-Rajna-Vesztf.
800;6;US;GA;Gruzija
800;2;US;RI;Rhode Island
800;C;US;IL;Illinois
800;6;US;MI;Michigan
800;C;US;KS;Kansas
800;2;US;VA;Virginia
800;6;US;WA;Washington
800;C;US;MP;Mariana Islands
800;6;US;GU;Guam
800;I;DE;05;Renania s.-Vestfalia
800;C;US;NJ;New Jersey
800;2;US;VT;Vermont
800;C;US;CA;California
800;C;US;NV;Nevada
800;6;US;IA;Iowa
800;K;DE;05;Nordrhein-Westfalen
800;C;US;NY;New York
800;2;US;WI;Wisconsin
800;C;US;CO;Colorado
800;C;US;OH;Ohio
800;6;US;ID;Idaho
800;C;US;OK;Oklahoma
800;3;US;KY;???
800;C;US;MI;Michigan
800;L;DE;05;Nadren.P?n Westfalia
800;C;US;TX;Texas
800;6;US;IL;Illinois
800;C;US;UT;Utah
800;C;US;WA;Washington
800;3;US;RI;??????
800;M;DE;05;??? ????
800;6;US;KS;Kansas
800;C;US;WV;West Virginia
800;C;US;WY;Wyoming
800;D;US;CA;California
800;3;US;VT;???
800;Z;US;AK;Alaska
800;N;DE;05;N.-Rijnl.-Westfalen
800;6;US;MP;Northern Mariana Isl
800;Z;US;AS;American Samoa
800;3;US;WI;????
800;D;US;CO;Colorado
800;Z;US;AZ;Arizona
800;6;US;NJ;New Jersey
800;O;DE;05;Nordrhein-Westfalen
800;Z;US;DC;District of Columbia
800;D;US;MI;Michigan
800;4;US;KY;Kentucky
800;6;US;NV;Nevada
800;P;DE;05;Renânia Norte Vestf.
800;D;US;WA;Washington
800;4;US;RI;Rhode Island
800;6;US;NY;New York
800;4;US;VT;Vermont
800;E;US;CA;California
800;6;US;OH;Ohio
800;Q;DE;05;Nordrhein-Westfalen
800;E;US;CO;Colorado
800;4;US;WI;Wisconsin
800;6;US;OK;Oklahoma
800;R;DE;05;???. ????-?????????
800;E;US;MI;Michigan
800;5;US;KY;Kentucky
800;6;US;TX;Teksas
800;S;DE;05;Renania N.Westfalia
800;5;US;RI;Rhode Island
800;6;US;UT;Utah
800;E;US;WA;Washington
800;T;DE;05;Kuzey Ren Vestfalya
800;5;US;VT;Vermont
800;F;US;CA;California
800;6;US;WV;West Virginia
800;6;US;WY;Wyoming
800;F;US;CO;Colorado
800;5;US;WI;Wisconsin
800;U;DE;05;Nordrhein-Westfalen
800;F;US;MI;Michigan
800;6;US;KY;Kentucky
800;M;US;AK;????
800;V;DE;05;Nordrhein-Westfalen
800;F;US;WA;Washington
800;6;US;RI;Rhode Island
800;M;US;AZ;????
800;W;DE;05;???. ???? ?????????
800;G;US;CA;??????????
800;6;US;VT;Vermont
800;M;US;DC;??????
800;Z;DE;05;Nrth Rhine Westfalia
800;6;US;WI;Wisconsin
800;G;US;CO;?????????
800;M;US;DE;???
800;C;US;KY;Kentucky
800;d;DE;05;Nrth Rhine Westfalia
800;M;US;GA;???
800;C;US;RI;Rhode Island
800;G;US;WA;??????????
800;J;DE;06;Hesse
800;M;US;IA;???
800;C;US;VT;Vermont
800;H;US;CA;California
800;1;DE;06;Hesse
800;M;US;ID;???
800;C;US;WI;Wisconsin
800;2;DE;06;Hesse
800;H;US;CO;Colorado
800;M;US;IL;???
800;D;US;KY;Kentucky
800;3;DE;06;??
800;H;US;MI;Michigan
800;M;US;KS;???
800;D;US;RI;Rhode Island
800;4;DE;06;Hessen
800;H;US;WA;Washington
800;M;US;MP;???????
800;D;US;VT;Vermont
800;5;DE;06;Hessen
800;I;US;CA;California
800;D;US;WI;Wisconsin
800;M;US;NJ;???
800;6;DE;06;Hessen
800;I;US;CO;Colorado
800;E;US;KY;Kentucky
800;M;US;NV;???
800;C;DE;06;Hessen
800;I;US;MI;Michigan
800;E;US;RI;Rhode Island
800;D;DE;06;Hessen
800;M;US;NY;??
800;I;US;WA;Washington
800;E;US;VT;Vermont
800;E;DE;06;Hesse
800;M;US;OH;???
800;E;US;WI;Wisconsin
800;J;US;CA;California
800;F;DE;06;Hessen
800;M;US;OK;?????
800;F;US;KY;Kentucky
800;J;US;CO;Colorado
800;G;DE;06;Hessen
800;M;US;TX;????
800;F;US;RI;Rhode Island
800;J;US;MI;Michigan
800;H;DE;06;Hessen
800;M;US;UT;??
800;F;US;VT;Vermont
800;J;US;WA;Washington
800;I;DE;06;Assia
800;K;US;CA;California
800;F;US;WI;Wisconsin
800;K;DE;06;Hessen
800;L;DE;06;Hesja
800;K;US;CO;Colorado
800;G;US;KY;???????
800;M;DE;06;Hesse
800;K;US;MI;Michigan
800;G;US;RI;Rhode Island
800;K;US;WA;Washington
800;G;US;VT;???????
800;N;DE;06;Hessen
800;L;US;CA;Kalifornia
800;G;US;WI;????????????
800;O;DE;06;Hessen
800;L;US;CO;Kolorado
800;H;US;KY;Kentucky
800;P;DE;06;Hesse
800;L;US;MI;Michigan
800;H;US;RI;Rhode Island
800;Q;DE;06;Hessen
800;L;US;WA;Waszyngton
800;H;US;VT;Vermont
800;R;DE;06;??????
800;M;US;CA;?????
800;H;US;WI;Wisconsin
800;S;DE;06;Hesse
800;M;US;CO;????
800;I;US;KY;Kentucky
800;T;DE;06;Hessen
800;M;US;WY;???
800;I;US;RI;Rhode Island
800;M;US;WA;???
800;U;DE;06;Hessen
800;I;US;VT;Vermont
800;N;US;CA;Californië
800;G;US;AK;??????
800;V;DE;06;Hessen
800;I;US;WI;Wisconsin
800;N;US;CO;Colorado
800;W;DE;06;?????
800;G;US;AS;American Samoa
800;J;US;KY;Kentucky
800;N;US;MI;Michigan
800;Z;DE;06;Hesse
800;G;US;AZ;???????
800;J;US;RI;Rhode Island
800;N;US;WA;Washington
800;d;DE;06;Hesen
800;O;US;CA;California
800;J;US;VT;Vermont
800;G;US;DC;???.??? ?????????
800;J;DE;11;Berlin
800;J;US;WI;Wisconsin
800;O;US;CO;Colorado
800;G;US;DE;Delaware
800;1;DE;11;??
800;O;US;MI;Michigan
800;K;US;KY;Kentucky
800;G;US;GA;???????
800;3;DE;11;???
800;O;US;WA;Washington
800;K;US;RI;Rhode Island
800;G;US;GU;Guam
800;4;DE;11;Berlin
800;P;US;CA;Califórnia
800;K;US;VT;Vermont
800;G;US;IA;?????
800;5;DE;11;Berlin
800;K;US;WI;Wisconsin
800;P;US;CO;Colorado
800;6;DE;11;Berlin
800;G;US;ID;???????
800;P;US;MI;Michigan
800;L;US;KY;Kentucky
800;C;DE;11;Berlín
800;G;US;IL;????????
800;L;US;RI;Wyspa Rhode
800;P;US;WA;Washington
800;L;US;VT;Vermont
800;Q;US;CA;Kalifornia
800;G;US;KS;??????
800;L;US;WI;Wisconsin
800;Q;US;CO;Colorado
800;D;DE;11;Berlin
800;Q;US;MI;Michigan
800;M;US;KY;???
800;Q;US;WA;Washington
800;M;US;RI;???
800;M;US;VT;???
800;R;US;CA;??????????
800;R;US;CO;????????
800;M;US;WI;????
800;N;US;KY;Kentucky
800;R;US;WA;?????????
800;N;US;RI;Rhode Island
800;S;US;CA;California
800;N;US;VT;Vermont
800;S;US;CO;Colorado
800;E;DE;11;Berlin
800;N;US;WI;Wisconsin
800;S;US;MI;Michigan
800;G;US;MP;Northern Mariana Isl
800;F;DE;11;Berlin
800;S;US;WA;Washington
800;G;US;NJ;???? ???????
800;G;DE;11;????????
800;O;US;KY;Kentucky
800;T;US;CA;California
800;H;DE;11;Berlin
800;G;US;NV;??????
800;O;US;RI;Rhode Island
800;I;DE;11;Berlino
800;G;US;NY;??? ?????
800;T;US;CO;Colorado
800;K;DE;11;Berlin
800;G;US;OH;?????
800;O;US;VT;Vermont
800;L;DE;11;Berlin
800;G;US;OK;????????
800;T;US;MI;Michigan
800;M;DE;11;??
800;G;US;TX;?????
800;O;US;WI;Wisconsin
800;N;DE;11;Berlijn
800;T;US;WA;Washington
800;G;US;UT;??????
800;O;DE;11;Berlin
800;P;US;KY;Kentucky
800;P;DE;11;Berlim
800;G;US;WV;?????? ?????????
800;U;US;CA;Kalifornia
800;Q;DE;11;Berlin
800;P;US;RI;Rhode Island
800;G;US;WY;??????????
800;U;US;CO;Colorado
800;R;DE;11;??????
800;M;US;AS;?????
800;P;US;VT;Vermont
800;S;DE;11;Berlín
800;M;US;GU;??
800;T;DE;11;Berlin
800;M;US;WV;?????
800;U;US;MI;Michigan
800;P;US;WI;Wisconsin
800;U;DE;11;Berliini
800;d;US;AK;Aljaska
800;V;DE;11;Berlin
800;d;US;AS;Ameri?ka Samoa
800;Q;US;KY;Kentucky
800;U;US;WA;Washington
800;W;DE;11;??????
800;d;US;AZ;Arizona
800;Z;DE;11;Berlin
800;d;US;DC;Okrug Kolumbija
800;Q;US;RI;Rhode Island
800;V;US;CA;Kalifornien
800;d;DE;11;Berlin
800;d;US;DE;Delaver
800;J;DE;08;Baden-Wuerttemberg
800;d;US;GA;Gruzija
800;V;US;CO;Colorado
800;Q;US;VT;Vermont
800;1;DE;08;??????
800;d;US;GU;Guam
800;2;DE;08;Baden-Wurttemberg
800;d;US;IA;Ajova
800;Q;US;WI;Wisconsin
800;V;US;MI;Michigan
800;3;DE;08;Baden-Wurttemberg
800;d;US;ID;Ajdaho
800;4;DE;08;Baden-Wurttemberg
800;d;US;IL;Ilinois
800;R;US;KY;????????
800;V;US;WA;Washington
800;d;US;KS;Kanzas
800;5;DE;08;Baden-Württemberg
800;6;DE;08;Baden-Wurttemberg
800;d;US;MP;Sev.Marjanska ostrva
800;W;US;CA;??????????
800;R;US;RI;???-??????
800;C;DE;08;Baden-Württemberg
800;d;US;NJ;Nju Džerzi
800;d;US;NV;Nevada
800;D;DE;08;Baden-Wuerttemberg
800;W;US;CO;????????
800;R;US;VT;???????
800;d;US;NY;Njujork
800;E;DE;08;Baden-Wuerttemberg
800;d;US;OH;Ohajo
800;R;US;WI;?????????
800;W;US;WA;?????????
800;d;US;OK;Oklahoma
800;F;DE;08;Baden-Wuerttemberg
800;d;US;TX;Teksas
800;G;DE;08;Baden-Wurttemberg
800;Z;US;CA;California
800;d;US;UT;Juta
800;H;DE;08;Baden-Württemberg
800;d;US;WV;Zapadna Virdžinija
800;I;DE;08;Baden-Wuerttemberg
800;S;US;KY;Kentucky
800;Z;US;CO;Colorado
800;d;US;WY;Vajoming
800;K;DE;08;Baden-Württemberg
800;L;US;AK;Alaska
800;Z;US;MI;Michigan
800;S;US;RI;Rhode Island
800;L;DE;08;Badenia-Wirtembergia
800;L;US;AZ;Arizona
800;M;DE;08;?????
800;L;US;DE;Delaware
800;S;US;VT;Vermont
800;Z;US;WA;Washington
800;L;US;GA;Georgia
800;N;DE;08;Baden-Württemberg
800;L;US;ID;Idaho
800;d;US;CA;Kalifornija
800;S;US;WI;Wisconsin
800;O;DE;08;Baden-Württemberg
800;L;US;IL;Illinois
800;P;DE;08;Baden-Wuerttemberg
800;T;US;KY;Kentucky
800;d;US;CO;Kolorado
800;L;US;MP;P?n. Mariana Isl.
800;Q;DE;08;Baden-Württemberg
800;L;US;NJ;New Jersey
800;T;US;RI;Rhode Island
800;d;US;WA;Vašington
800;R;DE;08;?????-??????????
800;L;US;NV;Nevada
800;L;US;NY;Nowy Jork
800;S;DE;08;Baden-Wuerttemberg
800;1;US;MI;???
800;T;US;VT;Vermont
800;L;US;OH;Ohio
800;T;DE;08;Baden-Württemberg
800;L;US;OK;Oklahoma
800;T;US;WI;Wisconsin
800;1;US;PA;?????
800;U;DE;08;Baden-Württemberg
800;L;US;TX;Teksas
800;1;US;SC;???
800;U;US;KY;Kentucky
800;2;US;MA;Massachusetts
800;U;US;RI;Rhode Island
800;2;US;PA;Pennsylvania
800;U;US;VT;Vermont
800;V;DE;08;Baden-Württemberg
800;2;US;SC;South Carolina
800;U;US;WI;Wisconsin
800;V;US;KY;Kentucky
800;3;US;MI;???
800;V;US;RI;Rhode Island
800;3;US;PA;?????
800;V;US;VT;Vermont
800;3;US;SC;??? ????
800;V;US;WI;Wisconsin
800;4;US;MA;Massachusetts
800;W;DE;08;?????-??????????
800;L;US;UT;Utah
800;W;US;KY;???????
800;4;US;PA;Pennsylvania
800;Z;DE;08;Baden-Wuerttemberg
800;R;US;AK;??????
800;4;US;SC;Carolina de Sud
800;W;US;RI;???? ??????
800;d;DE;08;Baden-Vitemberg
800;W;US;VT;???????
800;5;US;MA;Massachusetts
800;R;US;AS;????????? ?????(???)
800;J;DE;09;Bavaria
800;5;US;PA;Pennsylvania
800;W;US;WI;?????????
800;R;US;AZ;???????
800;1;DE;09;Bavaria
800;5;US;SC;Južna Karolina
800;Z;US;KY;Kentucky
800;2;DE;09;Bavaria
800;R;US;DC;???. ????? ????????
800;Z;US;RI;Rhode Island
800;6;US;MA;Massachusetts
800;3;DE;09;????
800;Z;US;VT;Vermont
800;6;US;PA;Pennsylvania
800;R;US;DE;???????
800;4;DE;09;Bavaria
800;6;US;SC;Južna Karolina
800;Z;US;WI;Wisconsin
800;R;US;GA;????????
800;5;DE;09;Bavarska
800;d;US;KY;Kentaki
800;C;US;MA;Massachusetts
800;6;DE;09;Bavaria
800;R;US;GU;?. ???? (???)
800;C;US;PA;Pennsylvania
800;d;US;RI;Rhode Island
800;C;DE;09;Bayern
800;R;US;IA;?????
800;d;US;VT;Vermont
800;C;US;SC;South Carolina
800;D;DE;09;Bayern
800;R;US;ID;??????
800;D;US;MA;Massachusetts
800;d;US;WI;Viskonsin
800;E;DE;09;Bavaria
800;R;US;IL;????????
800;1;US;MN;????
800;D;US;PA;Pennsylvania
800;F;DE;09;Bayern
800;R;US;KS;??????
800;1;US;TN;????
800;D;US;SC;South Carolina
800;G;DE;09;Bavaria
800;1;US;VA;????
800;E;US;MA;Massachusetts
800;H;DE;09;Bajorország
800;R;US;MP;???. ?????????? ?-??
800;E;US;PA;Pennsylvania
800;2;US;MN;Minnesota
800;I;DE;09;Baviera
800;R;US;NJ;???-??????
800;E;US;SC;South Carolina
800;2;US;TN;Tennessee
800;K;DE;09;Bayern
800;R;US;NV;??????
800;F;US;MA;Massachusetts
800;3;US;MN;????
800;L;DE;09;Bawaria
800;R;US;NY;???-????
800;F;US;PA;Pennsylvania
800;3;US;TN;???
800;M;DE;09;????
800;R;US;OH;?????
800;F;US;SC;South Carolina
800;N;DE;09;Beieren
800;3;US;VA;????
800;R;US;OK;????????
800;G;US;MI;?????????
800;O;DE;09;Bayern
800;4;US;MN;Minnesota
800;R;US;TX;?????
800;P;DE;09;Baviera
800;4;US;TN;Tennessee
800;G;US;PA;???????????
800;R;US;UT;???
800;Q;DE;09;Bavorsko
800;4;US;VA;Virginia
800;G;US;SC;????? ????????
800;R;US;WV;???????? ????????
800;5;US;MN;Minnesota
800;H;US;MA;Massachusetts
800;R;DE;09;???????
800;R;US;WY;????????
800;5;US;TN;Tennessee
800;H;US;PA;Pennsylvania
800;S;DE;09;Baviera
800;I;US;AK;Alaska
800;5;US;VA;Virginia
800;H;US;SC;South Carolina
800;T;DE;09;Bavyera
800;6;US;MN;Minnesota
800;I;US;AS;Samoa (americana)
800;I;US;MA;Massachusetts
800;U;DE;09;Baijeri
800;6;US;TN;Tennessee
800;I;US;AZ;Arizona
800;I;US;PA;Pennsylvania
800;V;DE;09;Bayern
800;6;US;VA;Virginia
800;I;US;DC;District of Columbia
800;W;DE;09;???????
800;I;US;SC;South Carolina
800;C;US;MN;Minnesota
800;I;US;DE;Delaware
800;J;US;MA;Massachusetts
800;Z;DE;09;Bavaria
800;C;US;TN;Tennessee
800;I;US;GA;Georgia
800;C;US;VA;Virginia
800;J;US;PA;Pennsylvania
800;d;DE;09;Bavarska
800;I;US;GU;Guam
800;D;US;MN;Minnesota
800;J;US;SC;South Carolina
800;I;US;IA;Iowa
800;1;DE;07;????????
800;K;US;MA;Massachusetts
800;D;US;TN;Tennessee
800;I;US;ID;Idaho
800;2;DE;07;Rhineland Palatinate
800;K;US;PA;Pennsylvania
800;D;US;VA;Virginia
800;I;US;IL;Illinois
800;3;DE;07;Rhineland Palatinate
800;K;US;SC;South Carolina
800;E;US;MN;Minnesota
800;I;US;KS;Kansas
800;4;DE;07;Rhenania palatinat
800;E;US;TN;Tennessee
800;L;US;MA;Massachusetts
800;I;US;MP;Northern Mariana Isl
800;5;DE;07;Rheinland-Pfalz
800;L;US;PA;Pensylwania
800;E;US;VA;Virginia
800;I;US;NJ;New Jersey
800;I;US;NV;Nevada
800;F;US;MN;Minnesota
800;6;DE;07;Rhineland Palatinate
800;L;US;SC;Karolina Po?udniowa
800;F;US;TN;Tennessee
800;C;DE;07;Rheinland-Pfalz
800;I;US;NY;New York
800;M;US;MI;???
800;F;US;VA;Virginia
800;D;DE;07;Rheinland-Pfalz
800;I;US;OH;Ohio
800;M;US;PA;??????
800;G;US;MN;?????????
800;I;US;OK;Oklahoma
800;M;US;SC;?????
800;E;DE;07;Rhineland Palatinate
800;G;US;TN;???????
800;I;US;TX;Texas
800;N;US;MA;Massachusetts
800;F;DE;07;Rheinland-Pfalz
800;G;US;VA;?????????
800;I;US;UT;Utah
800;N;US;PA;Pennsylvania
800;H;US;MN;Minnesota
800;G;DE;07;Rhineland Palatinate
800;I;US;WV;West Virginia
800;N;US;SC;South Carolina
800;H;US;TN;Tennessee
800;H;DE;07;Rheinland-Pfalz
800;I;US;WY;Wyoming
800;H;US;VA;Virginia
800;O;US;MA;Massachusetts
800;I;DE;07;Renania-Palatinato
800;L;US;AS;Samoa ameryka?skie
800;O;US;PA;Pennsylvania
800;I;US;MN;Minnesota
800;J;DE;07;Rhineland Palatinate
800;O;US;SC;South Carolina
800;I;US;TN;Tennessee
800;L;US;DC;District of Columbia
800;J;DE;10;Saarland
800;P;US;MA;Massachusetts
800;I;US;VA;Virginia
800;L;US;GU;Guam
800;K;DE;07;Rheinland-Pfalz
800;L;US;IA;Iowa
800;J;US;MN;Minnesota
800;P;US;PA;Pensilvânia
800;L;DE;07;Nadrenia Palatynat
800;L;US;KS;Kansas
800;P;US;SC;Carolina do Sul
800;J;US;TN;Tennessee
800;J;US;VA;Virginia
800;Q;US;MA;Massachusetts
800;M;DE;07;Rhineland Palatinate
800;L;US;WV;Zachodnia Wirginia
800;Q;US;PA;Pensylvánia
800;K;US;MN;Minnesota
800;N;DE;07;Rijnland-Palts
800;L;US;WY;Wyoming
800;Q;US;SC;Južná Karolína
800;K;US;TN;Tennessee
800;H;US;AK;Alaska
800;O;DE;07;Rheinland-Pfalz
800;K;US;VA;Virginia
800;R;US;MI;???????
800;H;US;AS;American Samoa
800;L;US;MN;Minnesota
800;P;DE;07;Renânia Palatinado
800;R;US;PA;????????????
800;H;US;AZ;Arizona
800;L;US;TN;Tennessee
800;Q;DE;07;Rheinland-Pfalz
800;H;US;DC;District of Columbia
800;L;US;VA;Wirginia
800;R;US;SC;????? ????????
800;R;DE;07;????????-??????
800;H;US;DE;Delaware
800;S;US;MA;Massachusetts
800;M;US;MN;????
800;S;DE;07;Rheinland-Pfalz
800;H;US;GA;Georgia
800;M;US;TN;???
800;S;US;PA;Pennsylvania
800;T;DE;07;Rheinland-Pfalz
800;H;US;GU;Guam
800;M;US;VA;????
800;S;US;SC;Carolina del Sur
800;U;DE;07;Rheinland-Pfalz
800;H;US;IA;Iowa
800;N;US;MN;Minnesota
800;T;US;MA;Massachusetts
800;V;DE;07;Rheinland-Pfalz
800;H;US;ID;Idaho
800;N;US;TN;Tennessee
800;T;US;PA;Pennsylvania
800;H;US;IL;Illionis
800;N;US;VA;Virginia
800;T;US;SC;Güney Carolina
800;W;DE;07;Rhineland Palatinate
800;H;US;KS;Kansas
800;U;US;MA;Massachusetts
800;O;US;MN;Minnesota
800;Z;DE;07;Rhineland Palatinate
800;U;US;PA;Pennsylvania
800;H;US;MP;Northern Mariana Isl
800;O;US;TN;Tennessee
800;d;DE;07;Rhineland Palatinate
800;H;US;NJ;New Jersey
800;O;US;VA;Virginia
800;U;US;SC;Etelä-Carolina
800;1;DE;10;Saarland
800;3;DE;10;??
800;P;US;MN;Minnesota
800;V;US;MA;Massachusetts
800;H;US;NV;Nevada
800;6;DE;10;Saarland
800;V;US;PA;Pennsylvania
800;P;US;TN;Tennessee
800;H;US;NY;New York
800;D;DE;10;Saarland
800;V;US;SC;South Carolina
800;P;US;VA;Virgínia
800;H;US;OH;Ohio
800;E;DE;10;Saarland
800;W;US;MI;???????
800;Q;US;MN;Minnesota
800;H;US;OK;Oklahoma
800;F;DE;10;Saarland
800;Q;US;TN;Tennessee
800;W;US;PA;???????????
800;H;US;TX;Texas
800;M;DE;10;??
800;Q;US;VA;Virgínia
800;H;US;UT;Utah
800;W;US;SC;???? ????????
800;O;DE;10;Saarland
800;H;US;WV;West Virginia
800;Z;US;MA;Massachusetts
800;R;US;MN;?????????
800;P;DE;10;Saare
800;Z;US;PA;Pennsylvania
800;R;US;TN;????????
800;S;DE;10;El Sarre
800;H;US;WY;Wyoming
800;U;DE;10;Saarland
800;R;US;VA;????????
800;Z;US;SC;South Carolina
800;2;US;AK;Alaska
800;S;US;MN;Minnesota
800;d;US;MI;Mi?igen
800;V;DE;10;Saarland
800;2;US;AZ;Arizona
800;d;US;PA;Pensilvanija
800;S;US;TN;Tennessee
800;2;US;DE;Delaware
800;Z;DE;10;Saarland
800;d;US;SC;Južna Karolina
800;S;US;VA;Virginia
800;2;US;GA;Georgia
800;2;DE;10;Saarland
800;2;US;GU;Guam
800;T;US;MN;Minnesota
800;1;US;MA;????
800;4;DE;10;Saarland
800;2;US;IA;Iowa
800;5;DE;10;Saarland
800;T;US;TN;Tennessee
800;1;US;OR;???
800;2;US;ID;Idaho
800;C;DE;10;Saarland
800;T;US;VA;Virginia
800;2;US;OR;Oregon
800;2;US;IL;Illinois
800;G;DE;10;Saarland
800;3;US;MA;?????
800;U;US;MN;Minnesota
800;2;US;KS;Kansas
800;H;DE;10;Saar-vidék
800;3;US;OR;???
800;U;US;TN;Tennessee
800;2;US;NJ;New Jersey
800;I;DE;10;Saarland
800;4;US;OR;Oregon
800;U;US;VA;Virginia
800;2;US;NV;Nevada
800;5;US;OR;Oregon
800;J;DE;12;Brandenburg
800;V;US;MN;Minnesota
800;2;US;NY;New York
800;K;DE;10;Saarland
800;V;US;TN;Tennessee
800;6;US;OR;Oregon
800;2;US;OH;Ohio
800;L;DE;10;Saarland
800;V;US;VA;Virginia
800;C;US;OR;Oregon
800;2;US;OK;Oklahoma
800;N;DE;10;Saarland
800;W;US;MN;????????
800;D;US;OR;Oregon
800;2;US;TX;Texas
800;Q;DE;10;Saarland
800;E;US;OR;Oregon
800;W;US;TN;??????
800;2;US;UT;Utah
800;R;DE;10;????
800;F;US;OR;Oregon
800;2;US;WV;West Virginia
800;W;US;VA;?????????
800;T;DE;10;Saarland
800;2;US;WY;Wyoming
800;G;US;MA;????????????
800;Z;US;MN;Minnesota
800;W;DE;10;????
800;T;US;AK;Alaska
800;G;US;OR;???????
800;Z;US;TN;Tennessee
800;d;DE;10;Sarska oblast
800;T;US;AS;Amerikan Samoas?
800;Z;US;VA;Virginia
800;H;US;OR;Oregon
800;1;DE;12;????
800;T;US;AZ;Arizona
800;I;US;OR;Oregon
800;d;US;MN;Minesota
800;3;DE;12;??????
800;J;US;OR;Oregon
800;d;US;TN;Tenesi
800;T;US;DC;District of Columbia
800;4;DE;12;Brandenburg
800;d;US;VA;Virdžinija
800;K;US;OR;Oregon
800;T;US;DE;Delaware
800;5;DE;12;Brandenburg
800;1;US;HI;???
800;L;US;OR;Oregon
800;T;US;GA;Georgia
800;6;DE;12;Brandenburg
800;M;US;MA;????
800;2;US;HI;Hawaii
800;T;US;GU;Guam
800;C;DE;12;Brandenburg
800;T;US;IA;Iowa
800;M;US;OR;???
800;3;US;HI;???
800;D;DE;12;Brandenburg
800;4;US;HI;Hawaii
800;N;US;OR;Oregon
800;T;US;ID;Idaho
800;E;DE;12;Brandenburg
800;5;US;HI;Hawaii
800;O;US;OR;Oregon
800;T;US;IL;Illinois
800;F;DE;12;Brandenburg
800;6;US;HI;Havaji
800;P;US;OR;Oregão
800;T;US;KS;Kansas
800;G;DE;12;Brandenburg
800;Q;US;OR;Oregon
800;C;US;HI;Hawaii
800;T;US;MP;Mariana Adalar?
800;H;DE;12;Brandenburg
800;D;US;HI;Hawaii
800;T;US;NJ;New Jersey
800;R;US;MA;???????????
800;I;DE;12;Brandenburgo
800;T;US;NV;Nevada
800;R;US;OR;??????
800;K;DE;12;Brandenburg
800;T;US;NY;New York
800;S;US;OR;Oregón
800;L;DE;12;Brandenburgia
800;T;US;OR;Oregon
800;T;US;OH;Ohio
800;M;DE;12;????
800;U;US;OR;Oregon
800;T;US;OK;Oklahoma
800;N;DE;12;Brandenburg
800;V;US;OR;Oregon
800;T;US;TX;Texas
800;T;US;UT;Utah
800;O;DE;12;Brandenburg
800;W;US;MA;??????????
800;T;US;WV;Bat? Virginia
800;P;DE;12;Brandenburgo
800;W;US;OR;??????
800;T;US;WY;Wyoming
800;Q;DE;12;Brandenburg
800;Z;US;OR;Oregon
800;R;DE;12;???????????
800;S;DE;12;Brandenburgo
800;T;DE;12;Brandenburg
800;U;DE;12;Brandenburg
800;V;DE;12;Brandenburg
800;W;DE;12;???????????
800;Z;DE;12;Brandenburg
800;d;DE;12;Brandenburg
800;1;DE;13;Mecklenburg-Vorpomm.
800;3;DE;13;Mecklenburg-Vorpomm.
800;4;DE;13;Mecklenburg-Vorpomm.
800;5;DE;13;Mecklenburg-Vorpomm.
800;6;DE;13;Mecklenburg-Vorpomm.
800;C;DE;13;Mecklenburg-Vorpomm.
800;D;DE;13;Mecklenburg-Vorpomm.
800;E;DE;13;Mecklenburg-Vorpomm.
800;F;DE;13;Mecklenburg-Vorpomm.
800;G;DE;13;Mecklenburg-Vorpomm.
800;H;DE;13;Mecklenburg-Vorpomm.
800;I;DE;13;Mecklenburg-Vorpomm.
800;J;DE;13;Mecklenburg-Vorpomm.
800;K;DE;13;Mecklenburg-Vorpomm.
800;L;DE;13;Mecklenburg-Vorpomm.
800;M;DE;13;Mecklenburg-Vorpomm.
800;N;DE;13;Mecklenburg-Voor-P.
800;O;DE;13;Mecklenburg-Vorpomm.
800;P;DE;13;Meclenburgo-Pomerân.
800;Q;DE;13;Mecklenburg-Vorpomm.
800;R;DE;13;???????????????????
800;S;DE;13;Meclenburgo-Pomeran.
800;T;DE;13;Mecklenburg-Vorpomm.
800;U;DE;13;Mecklenburg-Etu-Pomm
800;V;DE;13;Mecklenburg-Vorpomm.
800;W;DE;13;Mecklenburg-Vorpomm.
800;Z;DE;13;Mecklenburg-Vorpomm.
800;d;DE;13;Meklenburg-Forpomarn
800;1;DE;14;Saxony
800;2;DE;14;Saxony
800;3;DE;14;??
800;4;DE;14;Saxonia
800;5;DE;14;Saška
800;6;DE;14;Saxony
800;C;DE;14;Sachsen
800;D;DE;14;Sachsen
800;E;DE;14;Saxony
800;F;DE;14;Sachsen
800;G;DE;14;Saxony
800;H;DE;14;Szászország
800;I;DE;14;Sassonia
800;J;DE;14;Saxony
800;K;DE;14;Sachsen
800;L;DE;14;Saksonia
800;M;DE;14;???
800;N;DE;14;Saksen
800;O;DE;14;Sachsen
800;P;DE;14;Saxónia
800;Q;DE;14;Sachsen
800;R;DE;14;????????
