OrderID;ItemID;ProductID;StoreID;Quantity;Revenue;Cost;Unit
100;10;iPad;Amazon.com;10;5980;1001;PACKG
100;20;Coke;Ebay.com;200;280;50;BOTTL
200;10;iPad;Amazon.com;10;5990;1004;PACKG
200;20;Headset;Amazon.com;2;110;1002;PACKG
300;10;Headset;Ebay.com;10;580;51;PACKG
300;20;Coke;Wallmart.com;250;355;100;BOTTL
400;10;iPad;Ebay.com;10;5990;52;PACKG
400;20;Coke;Wallmart.com;260;385;101;BOTTL
500;10;Budweiser;Wallmart.com;360;700;102;BOTTL
600;10;Budweiser;Wallmart.com;360;690;103;BOTTL
600;20;Headset;Ebay.com;10;570;53;PACKG
700;10;Budweiser;Wallmart.com;360;715;104;BOTTL
700;20;Headset;Ebay.com;10;595;54;PACKG
800;10;Budweiser;Wallmart.com;360;710;105;BOTTL
800;20;Headset;Ebay.com;10;590;55;PACKG
900;10;Budweiser;Wallmart.com;360;720;106;BOTTL
900;20;iPad;Amazon.com;10;6000;1003;PACKG
901;10;iPad;Amazon.com;2;3000;200;PACKG