{
	"xsappname": "hbd260",
	"scopes": [{
		"name": "$XSAPPNAME.Display",
		"description": "display"
	}, {
		"name": "$XSAPPNAME.Create",
		"description": "create"
	}, {
		"name": "$XSAPPNAME.Edit",
		"description": "edit"
	}, {
		"name": "$XSAPPNAME.Delete",
		"description": "delete"
	}, {
		"name": "$XSAPPNAME.ODATASERVICEUSER",
		"description": "Enter"
	}, {
		"name": "$XSAPPNAME.ODATASERVICEADMIN",
		"description": "Enter"
	}],
	"attributes": [{
		"name": "client",
		"description": "Session Client",
		"valueType": "int"
	}],
	"role-templates": [{
		"name": "Viewer",
		"description": "View all records",
		"scope-references": [
			"$XSAPPNAME.Display"
		],
		"attribute-references": [
			"client"
		]
	}, {
		"name": "Editor",
		"description": "Edit and Delete records",
		"scope-references": [
			"$XSAPPNAME.Create",
			"$XSAPPNAME.Edit",
			"$XSAPPNAME.Delete",
			"$XSAPPNAME.Display",
			"$XSAPPNAME.ODATASERVICEUSER",
			"$XSAPPNAME.ODATASERVICEADMIN"
		],
		"attribute-references": [
			"client"
		]
	}]
}