{
	"welcomeFile": "index.html",
	"authenticationMethod": "route",
	"websockets": {
		"enabled": true
	},
	"routes": [{
		"source": "/node(.*)",
		"destination": "js_api",
		"csrfProtection": true,
		"authenticationType": "xsuaa",
		"scope": {
			"GET": "$XSAPPNAME.Display",
			"POST": [
				"$XSAPPNAME.Display",
				"$XSAPPNAME.Create"
			],
			"PUT": [
				"$XSAPPNAME.Display",
				"$XSAPPNAME.Create"
			],
			"DELETE": [
				"$XSAPPNAME.Display",
				"$XSAPPNAME.Delete"
			],
			"default": "$XSAPPNAME.Display"
		}

	}, {
		"source": "(.*)(.xsjs)",
		"destination": "js_api",
		"csrfProtection": true,
		"authenticationType": "xsuaa",
		"scope": {
			"GET": "$XSAPPNAME.Display",
			"POST": [
				"$XSAPPNAME.Display",
				"$XSAPPNAME.Create"
			],
			"PUT": [
				"$XSAPPNAME.Display",
				"$XSAPPNAME.Create"
			],
			"DELETE": [
				"$XSAPPNAME.Display",
				"$XSAPPNAME.Delete"
			],
			"default": "$XSAPPNAME.Display"
		}
	}, {
		"source": "(.*)(.xsodata)",
		"destination": "js_api",
		"authenticationType": "xsuaa",
		"scope": {
			"GET": "$XSAPPNAME.Display",
			"POST": [
				"$XSAPPNAME.Display",
				"$XSAPPNAME.Create"
			],
			"PUT": [
				"$XSAPPNAME.Display",
				"$XSAPPNAME.Create"
			],
			"DELETE": [
				"$XSAPPNAME.Display",
				"$XSAPPNAME.Delete"
			],
			"default": "$XSAPPNAME.Display"
		}
	}, {
		"source": "/(.*)",
		"localDir": "resources",
		"authenticationType": "xsuaa",
		"scope": {
			"GET": "$XSAPPNAME.Display",
			"default": "$XSAPPNAME.Display"
		},
		"replace": {
			"pathSuffixes": [
				"index.html"
			],
			"vars": [
				"ui5liburl"
			]
		}
	}]
}